,campo
frei,0
königlich,0
wahl,0
schweigend,0
streng,0
empfindung,0
schweigen,0
vertrauen,0
freilich,0
land,0
pflicht,0
frieden,0
schützen,0
bund,0
bürger,0
waffe,0
gerecht,0
hinweg,0
wille,0
fest,0
beschützen,0
gleich,0
ergreifen,0
zweig,0
vereinen,0
bedürfen,0
vermutlich,0
rettung,0
gesetz,0
dukat,0
verkünden,0
gedanke,0
vortrefflich,0
gebieten,0
erheben,0
sprecht,0
ursache,0
vollenden,0
erfüllen,0
vertraut,0
fordern,0
hoheit,0
mensch,0
kraft,0
stets,0
hoch,0
ehrlich,0
genügen,0
sorge,0
schlafen,1
papa,1
mama,1
brust,1
tanzen,1
schlaf,1
trinken,1
küssen,1
zart,1
maul,1
schmecken,1
nase,1
kopf,1
mädel,1
punsch,1
weinen,1
abend,1
haar,1
essen,1
sitzen,1
nacht,1
auge,1
fleisch,1
zahn,1
bein,1
fressen,1
kerl,1
schmerz,1
wein,1
hund,1
lachen,1
hals,1
pferd,1
leute,1
wurm,1
gesicht,1
kaiser,2
bande,2
heer,2
fürst,2
bestie,2
herrscher,2
thron,2
kampf,2
schlacht,2
feldherr,2
ruhm,2
haupt,2
feind,2
sieg,2
einst,2
schurk,2
monarch,2
krieger,2
gunst,2
könig,2
vaterland,2
reich,2
siegen,2
königin,2
schar,2
ritter,2
stamm,2
volk,2
rasch,3
stück,3
lager,3
wetter,3
spaß,3
schwer,3
teuer,3
tiefe,3
geschwind,3
geschick,3
herum,3
glück,3
neu,3
hübsch,3
weg,3
vergnügen,3
drüber,3
unmut,3
ding,3
halt,3
glanz,3
schnell,3
blick,3
flut,3
glas,3
ball,3
hinein,3
geld,3
monat,3
mädchen,4
mamsell,4
tochter,4
bube,4
hofmeister,4
weiber,4
donner,4
burg,4
kranz,4
esel,4
hure,4
doktor,4
priesterin,4
kreis,4
roman,4
frau,4
rat,4
junge,4
vater,4
brand,4
komödie,4
jungfrau,4
hauptmann,4
familie,4
frauenzimmer,4
jung,4
bruder,4
herr,4
vetter,4
fürstin,4
gräfin,4
lassen,5
treu,5
brav,5
wissen,5
froh,5
gehen,5
sag,5
verzeihen,5
tot,5
verlieben,5
ärgern,5
hol,5
still,5
hold,5
ziemen,5
bitten,5
beten,5
adieu,5
stund,5
heulen,5
nahen,5
sagen,5
dumm,5
beglücken,5
horchen,5
antworten,5
lieb,5
vollbringen,6
scheinen,6
zeigen,6
arbeiten,6
erscheinen,6
kommen,6
laufen,6
schreiben,6
dringen,6
malen,6
senden,6
eigen,6
bewegen,6
kriegen,6
springen,6
offn,6
bekommen,6
sprechen,6
lösen,6
lesen,6
folgen,6
geben,6
beginnen,6
bereiten,6
erzählen,6
wirken,6
ankommen,6
fügen,6
stecken,6
nehmen,6
fassen,6
machen,6
üben,6
umbringen,6
verbergen,6
sehen,6
empfangen,6
ansehen,6
verbannen,6
täuschen,6
anfangen,6
versammeln,6
häßlich,7
schicksal,7
ehrn,7
argwohn,7
gabe,7
heil,7
versöhnen,7
fromm,7
opfer,7
wahrhaftig,7
wollust,7
verhaßt,7
andenken,7
heilig,7
irrtum,7
unschuldig,7
verrat,7
fern,7
melancholisch,7
wahnsinn,7
verehren,7
gewaltsam,7
schrecken,7
wort,7
ehren,7
darnach,7
verflucht,7
närrisch,7
furchtbar,7
retten,7
unheil,7
mächtig,7
garstig,7
leib,7
mut,7
gemüt,7
unglückselig,7
gewiß,7
unglücklich,7
furcht,7
kühn,7
edel,7
elend,7
orakel,7
welch,7
verschmähen,7
blutig,7
narr,7
gnädig,7
fremd,7
götter,7
liebe,7
teufel,7
