,conteggio_SD,conteggio_Klassizismus,f_SD x10k,f_Klassizismus x10k,log2_ratio,G2,opere_SD,opere_Klassizismus
königin,8,309,0.6126559400822491,23.017617043465307,-5.146387300584131,-356.5142026717169,7,10
könig,194,629,14.856906546994539,46.85463145740996,-1.6544907653530296,-230.1538532797764,17,13
volk,62,361,4.74808353563743,26.891131885731316,-2.4921220949092358,-225.6625331918402,11,16
schnell,60,282,4.594919550616868,21.006368952288728,-2.1832983626481606,-150.37785356815635,12,17
stets,3,120,0.2297459775308434,8.938880405229245,-5.0655889567925625,-139.09061461477785,3,17
feldherr,0,97,0.0,7.225594994226973,-7.567384856369816,-131.80339933597298,0,7
hoch,94,328,7.198707295966426,24.43293977429327,-1.757561678721462,-130.98994738630128,21,17
haupt,44,225,3.36960767045237,16.760400759804835,-2.301304734909188,-128.25234121234493,11,15
nahen,7,113,0.5360739475719679,8.417445714924206,-3.8797124343026015,-110.07775574014097,5,16
heer,13,129,0.9955659026336546,9.609296435621438,-3.2219753281432904,-106.734595615101,6,12
kaiser,66,242,5.054411505678555,18.026742150545644,-1.8266130441935056,-102.10340864858492,6,4
götter,24,145,1.837967820246747,10.801147156318672,-2.5302200414132807,-92.859481799779,9,12
frei,105,298,8.041109213579519,22.198219672985957,-1.460542475177825,-91.06658591803307,18,17
fürstin,4,86,0.30632797004112455,6.406197623747626,-4.224757768814618,-89.78566765126878,3,10
glück,165,391,12.636028764196386,29.125851987038626,-1.202235633104028,-88.42569167363624,21,17
fremd,37,165,2.8335337228804023,12.290960557190212,-2.1019232589315417,-84.15588230087772,15,16
feind,106,289,8.1176912060898,21.527803642593767,-1.4027644603836034,-83.11901547754488,15,16
königlich,18,115,1.3784758651850604,8.56642705501136,-2.602350218407313,-76.27180048527217,9,13
edel,117,295,8.960093123702892,21.97474766285523,-1.290551916232738,-74.6446798054213,18,16
reich,71,218,5.43732146822996,16.238966069499796,-1.5716726753424142,-74.37007385682094,16,17
brust,103,271,7.887945228558956,20.186971581809377,-1.3513759729252413,-73.65340705049374,19,17
geschick,7,83,0.5360739475719679,6.182725613616895,-3.436868239485739,-73.48398927466987,5,12
eigen,59,195,4.5183375581065865,14.525680658497523,-1.6762615766196138,-73.05530670194698,14,17
treu,61,197,4.671501543127149,14.674661998584677,-1.6432488803454306,-71.7295469088149,13,17
vertrauen,39,153,2.986697707900964,11.397072516667286,-1.9183686398132815,-69.24246262527885,13,17
vaterland,34,143,2.603787745349558,10.652165816231516,-2.016437012517724,-69.19909795577603,9,16
schweigen,29,130,2.2208777827981527,9.683787105665015,-2.1053174898282485,-66.6053587353461,15,16
gunst,14,96,1.0721478951439358,7.151104324183396,-2.6945305847607135,-66.38581623202772,8,14
kühn,20,110,1.5316398502056225,8.193973704793475,-2.390405097393553,-66.12726861322888,9,17
furcht,25,119,1.9145498127570284,8.864389735185668,-2.188496008629458,-64.12025849102645,11,15
senden,8,78,0.6126559400822491,5.81027226339901,-3.1672124502614927,-64.0695380650815,5,16
folgen,49,165,3.7525176330037757,12.290960557190212,-1.7013853293478132,-63.21885042418066,19,17
streng,12,88,0.9189839101233735,6.55517896383478,-2.7838039029284776,-63.15930882314275,6,17
land,121,284,9.266421093744016,21.155350292375882,-1.187526881321006,-63.063832770123184,19,16
pflicht,50,166,3.829099625514057,12.36545122723379,-1.6812214269396726,-62.53113543404314,12,16
jungfrau,3,60,0.2297459775308434,4.4694402026146225,-4.071562857837195,-61.64844383209905,3,9
froh,23,111,1.7613858277364662,8.268464374837052,-2.2063655908628723,-60.47994676457256,9,17
krieger,0,40,0.0,2.979626801743082,-6.2999045455048295,-54.35191725194763,0,10
teuer,38,134,2.910115715390683,9.981749785839323,-1.7647303644819279,-54.1570528536792,14,16
rettung,11,77,0.8424019176130925,5.735781593355432,-2.7126169918374297,-53.87180735864952,5,15
gesetz,31,120,2.374041767818715,8.938880405229245,-1.8956639553502501,-53.58186288562218,9,16
unglückselig,4,56,0.30632797004112455,4.1714775224403144,-3.6103085035930804,-52.35777731183707,3,9
rasch,20,96,1.5316398502056225,7.151104324183396,-2.194959575270202,-52.07930264431504,8,16
neu,47,147,3.599353647983213,10.950128496405826,-1.594770078538461,-51.381567658013026,16,17
sieg,21,97,1.6082218427159038,7.225594994226973,-2.1411201016677177,-50.98335614206592,10,14
ziemen,5,58,0.38290996255140564,4.3204588625274685,-3.370987643566312,-50.95194330579988,2,17
zart,22,99,1.684803835226185,7.374576334314128,-2.104826066834179,-50.89111149814016,12,14
gemüt,12,76,0.9189839101233735,5.661290923311856,-2.573586195538132,-50.13667987237035,4,12
bund,15,83,1.148729887654217,6.182725613616895,-2.389562524707382,-50.108260809910625,9,15
einst,21,96,1.6082218427159038,7.151104324183396,-2.126246825186188,-50.01835177415748,8,14
