,collin,goethe,klinger,leisewitz,lenz,maler-mueller,schiller,schlegel-aw,schlegel-f,seume,wagner,wolzogen
herr,True,True,True,True,True,True,True,True,True,True,True,True
kopf,True,True,True,True,True,True,True,True,True,True,True,True
teufel,True,True,True,True,True,True,True,True,True,True,True,True
junge,True,True,True,True,True,True,True,True,True,True,True,True
sehen,True,True,True,True,True,True,True,True,True,True,True,True
kerl,True,True,True,True,True,True,True,True,True,True,True,True
frau,True,True,True,True,True,True,True,True,True,True,True,True
sagen,True,True,True,True,True,True,True,True,True,True,True,True
mädchen,True,True,True,True,True,True,True,True,True,True,True,True
leute,True,True,True,True,True,True,True,True,True,True,True,True
gesicht,True,True,True,True,True,True,True,True,True,True,True,True
liebe,True,True,False,True,True,True,True,True,True,True,True,True
hund,True,True,True,True,True,True,True,True,True,True,True,True
lachen,True,True,True,True,True,True,True,True,True,True,True,True
kriegen,True,True,True,True,True,True,True,True,True,True,True,True
bruder,True,True,True,True,True,True,True,True,True,True,True,True
wissen,True,True,True,True,True,True,True,True,True,True,True,True
mädel,True,True,True,True,True,True,True,True,True,True,True,True
gnädig,True,True,True,True,True,True,True,True,True,True,True,True
narr,True,True,True,True,True,True,True,True,True,True,True,True
herum,True,True,True,True,True,True,True,True,True,True,True,True
lassen,True,True,False,True,False,True,True,True,True,False,True,True
schlafen,True,True,True,True,True,True,True,True,True,True,True,True
papa,True,True,True,True,False,True,True,True,True,True,True,True
gräfin,True,True,True,True,True,False,True,True,True,True,True,True
mama,True,True,True,True,True,True,True,True,True,True,True,True
brav,True,True,True,True,True,True,True,True,True,True,True,True
empfindung,True,True,True,True,True,True,True,True,True,True,True,True
hauptmann,True,True,True,True,True,True,False,True,True,True,True,True
familie,True,True,True,True,True,True,True,True,True,True,True,True
hübsch,True,True,True,True,True,True,True,True,True,True,True,True
jung,True,True,True,True,True,True,True,True,True,True,True,True
freilich,True,True,True,True,True,True,True,True,True,True,True,True
komödie,True,True,True,True,True,True,True,True,True,True,True,True
geben,True,True,True,True,True,True,True,True,True,True,True,True
laufen,True,True,True,True,True,True,True,True,True,True,True,True
unglücklich,True,True,True,True,True,True,True,True,True,True,True,True
nase,True,True,True,True,True,True,True,True,True,True,True,True
schreiben,True,True,True,True,False,True,True,True,True,True,True,True
hals,True,True,True,True,True,True,True,True,True,True,True,True
lesen,True,True,True,True,True,True,True,True,True,True,True,True
verlieben,True,True,True,True,True,True,True,True,True,True,True,True
gewiß,True,True,True,True,True,True,False,True,True,True,True,True
frauenzimmer,True,True,True,True,True,True,True,True,True,True,True,True
hofmeister,True,True,True,True,False,True,True,True,True,True,True,True
küssen,True,True,False,True,True,True,True,True,True,True,True,True
trinken,True,True,True,True,True,True,True,True,True,True,True,True
bekommen,True,True,True,True,False,True,True,True,True,True,True,True
wetter,True,True,True,True,True,True,True,True,True,True,True,True
maul,True,True,True,True,True,True,True,True,True,True,True,True
königin,True,True,True,True,True,True,False,True,True,True,True,True
könig,True,True,True,True,True,True,True,True,True,True,True,True
volk,True,True,True,True,True,True,True,True,True,True,True,True
schnell,True,True,True,True,True,True,True,True,True,True,True,True
stets,True,True,True,True,True,True,True,True,True,True,True,True
feldherr,True,True,True,True,True,True,True,True,True,True,True,True
hoch,True,True,True,True,True,True,True,True,True,True,True,True
haupt,True,True,True,True,True,True,True,True,True,True,True,True
nahen,True,True,True,True,True,True,True,True,True,True,True,True
heer,True,True,True,True,True,True,True,True,True,True,True,True
kaiser,True,True,True,True,True,True,False,True,True,True,True,True
götter,True,True,True,True,True,True,True,True,True,True,True,True
frei,True,True,True,True,True,True,True,True,True,True,True,True
fürstin,True,True,True,True,True,True,True,True,True,True,True,True
glück,True,True,True,True,True,True,True,True,True,True,True,True
fremd,True,True,True,True,True,True,True,True,True,True,True,True
feind,True,True,True,True,True,True,False,True,True,True,True,True
königlich,True,True,True,True,True,True,True,True,True,True,True,True
edel,True,True,True,True,True,True,True,True,True,True,True,True
reich,True,True,True,True,True,True,False,True,True,True,True,True
brust,True,True,True,True,True,True,True,True,True,True,True,True
geschick,True,True,True,True,True,True,True,True,True,True,True,True
eigen,True,True,True,True,True,True,False,True,True,True,True,True
treu,True,True,True,True,True,True,False,True,True,True,True,True
vertrauen,True,True,True,True,True,True,True,True,True,True,True,True
vaterland,True,True,True,True,True,True,True,True,True,True,True,True
schweigen,True,True,True,True,True,True,True,True,True,True,True,True
gunst,True,True,True,True,True,True,True,True,True,True,True,True
kühn,True,True,True,True,True,True,True,True,True,True,True,True
furcht,True,True,True,True,True,True,True,True,True,True,True,True
senden,True,True,True,True,True,True,True,True,True,True,True,True
folgen,True,True,True,True,True,True,True,True,True,True,True,True
streng,True,True,True,True,True,True,True,True,True,True,True,True
land,True,True,True,True,True,True,False,True,True,True,True,True
pflicht,True,True,True,True,True,True,True,True,True,True,True,True
jungfrau,True,True,True,True,True,True,False,True,True,True,True,True
froh,True,True,True,True,True,True,True,True,True,True,True,True
krieger,True,True,True,True,True,True,True,True,True,True,True,True
teuer,True,True,True,True,True,True,True,True,True,True,True,True
rettung,True,True,True,True,True,True,True,True,True,True,True,True
gesetz,True,True,True,True,True,True,True,True,True,True,True,True
unglückselig,True,True,True,True,True,True,False,True,True,True,True,True
rasch,True,True,True,True,True,True,True,True,True,True,True,True
neu,True,True,True,True,True,True,True,True,True,True,True,True
sieg,True,True,True,True,True,True,True,True,True,True,True,True
ziemen,True,True,True,True,True,True,True,True,True,True,True,True
zart,True,True,True,True,True,True,True,True,True,True,True,True
gemüt,True,False,True,True,True,True,True,True,True,True,True,True
bund,True,True,True,True,True,True,True,True,True,True,True,True
einst,True,True,True,True,True,True,True,True,True,True,True,True
