,forma_piena
ansehn,ansehen
rettn,retten
trockn,trocken
heilg,heilig
ewg,ewig
schaffn,schaffen
geschäftger,geschäftig
trockne,trocken
heilge,heilig
gierg,gierig
saubr,sauber
bedächtg,bedächtig
bemühn,bemühen
geschehn,geschehen
geschundn,geschunden
gehn,gehen
künftg,künftig
armselger,armselig
weihn,weihen
gnädg,gnädig
verzeihn,verzeihen
ruhn,ruhen
heilger,heilig
verständg,verständig
mutwillge,mutwillig
borgn,borgen
verworfn,verworfen
sehn,sehen
saubres,sauber
gefangne,gefangen
verstündn,verstünden
lautre,lauter
kriegn,kriegen
sahn,sahen
blasn,blasen
sichr,sicher
zuckn,zucken
verbindn,verbinden
gnädge,gnädig
edle,edel
vergehn,vergehen
tätn,täten
rechtschaffne,rechtschaffen
brechn,brechen
hetzn,hetzen
reitn,reiten
zusehn,zusehen
wettre,wetter
glühn,glühen
schwindl,schwindel
kugle,kugel
umgibn,umgiben
winkl,winkel
schätzn,schätzen
verloschn,verloschen
wandl,wandel
bittre,bitter
schenkn,schenken
bleibn,bleiben
erhaltne,erhalten
seltn,selten
schlagn,schlagen
eitl,eitel
wälzn,wälzen
verstehsn,verstehsen
finstres,finster
zerstoßn,zerstoßen
schlungn,schlungen
düstre,düster
sehne,sehen
düstr,düster
stehn,stehen
seidne,seiden
raubn,rauben
lebn,leben
verziehn,verziehen
tapfr,tapfer
wurzle,wurzel
werfn,werfen
segne,segnen
geißle,geißel
schwindn,schwinden
verwegn,verwegen
muskle,muskel
schmeichle,schmeichel
finstre,finster
edles,edel
absehn,absehen
springn,springen
betrügn,betrügen
ausstehn,ausstehen
mustre,muster
ziehn,ziehen
bittr,bitter
unzufriedne,unzufrieden
vermischn,vermischen
gestehn,gestehen
schaudre,schaudern
verlangn,verlangen
sähn,sähen
schütn,schüten
unedl,unedel
drehn,drehen
redn,reden
leidn,leiden
betrogn,betrogen
vernachlässign,vernachlässigen
unzufriedn,unzufrieden
übl,übel
schreibn,schreiben
betn,beten
verderbn,verderben
erschrockn,erschrocken
erhabn,erhaben
verstorbn,verstorben
kratzn,kratzen
seltne,selten
unsichr,unsicher
aussehn,aussehen
umdrehn,umdrehen
ungesehn,ungesehen
vorbeigehn,vorbeigehen
erstorbn,erstorben
simpl,simpel
gelegn,gelegen
schöpfn,schöpfen
übersehn,übersehen
heitre,heiter
schwangre,schwanger
drohn,drohen
gebundn,gebunden
weitres,weiter
fingre,finger
gedeihn,gedeihen
ueble,uebel
hungre,hunger
allmächtger,allmächtig
niederträchtg,niederträchtig
verborgne,verborgen
ewge,ewig
anziehn,anziehen
gnädger,gnädig
erschlagn,erschlagen
winkn,winken
sichres,sicher
besondre,besonder
wehn,wehen
dunkle,dunkel
besondr,besonder
verstoßn,verstoßen
versahn,versahen
verpfändn,verpfänden
gaffn,gaffen
hingehn,hingehen
anzündn,anzünden
sattle,sattel
seisn,seisen
magre,mager
riegle,riegel
niedres,nieder
eitle,eitel
zweifl,zweifel
unsre,unser
zittr,zittern
opfre,opfer
sprechn,sprechen
müssn,müssen
eingestehn,eingestehen
anlegn,anlegen
bestehn,bestehen
verschickn,verschicken
trunkne,trunken
muntr,munter
fragn,fragen
ausziehn,ausziehen
guldne,gulden
segn,segnen
betrogne,betrogen
wettn,wetten
vergebne,vergeben
saubre,sauber
ergebne,ergeben
geschnittn,geschnitten
hoffn,hoffen
unverdorbne,unverdorben
ungezogne,ungezogen
bessr,besser
drückn,drücken
unselg,unselig
wichtge,wichtig
besorgn,besorgen
listg,listig
gehässge,gehässig
einzg,einzig
nahn,nahen
giftg,giftig
verlassne,verlassen
fordre,forder
heilgen,heilig
wackr,wacker
entfliehn,entfliehen
übermütgen,übermütig
offne,offen
blutg,blutig
unselger,unselig
entgehn,entgehen
finstr,finster
schuldg,schuldig
vollziehn,vollziehen
zerrissn,zerrissen
gütg,gütig
gütger,gütig
flehn,flehen
selg,selig
geduldg,geduldig
barmherzger,barmherzig
verteidge,verteidig
würdge,würdig
niedre,nieder
flüchtge,flüchtig
mächtgen,mächtig
blutge,blutig
foltre,folter
wachn,wachen
lagre,lager
nichtg,nichtig
rufn,rufen
heftge,heftig
züchtge,züchtig
allmächtge,allmächtig
willg,willig
mächtg,mächtig
würdigstn,würdigsten
flüchtg,flüchtig
ruhg,ruhig
verbundne,verbunden
hastg,hastig
verwegne,verwegen
verborgnem,verborgen
tadl,tadel
allgewaltgen,allgewaltig
freudg,freudig
wohltätg,wohltätig
niedr,nieder
ohnmächtg,ohnmächtig
wichtg,wichtig
gewaltg,gewaltig
würdg,würdig
liebenswürdg,liebenswürdig
verratn,verraten
beruhgen,beruhig
prächtg,prächtig
zufriedn,zufrieden
wechselseitg,wechselseitig
verbergn,verbergen
entschuldgen,entschuldig
prächtge,prächtig
kräftg,kräftig
unbefangn,unbefangen
geschehne,geschehen
günstg,günstig
lebendg,lebendig
nächtg,nächtig
tadle,tadel
ausgesprochn,ausgesprochen
anmutg,anmutig
unschuldg,unschuldig
verbotne,verboten
unruhge,unruhig
mutg,mutig
verstoßne,verstoßen
unselge,unselig
unwürdg,unwürdig
bescheidne,bescheiden
kräftge,kräftig
künftge,künftig
gegenwärtg,gegenwärtig
gewaltger,gewaltig
zuverlässg,zuverlässig
handl,handel
entschiedn,entschieden
duldn,dulden
üble,übel
streichl,streicheln
mißverstehn,mißverstehen
gewaltge,gewaltig
erdrückn,erdrücken
vertriebn,vertrieben
frühzeitgen,frühzeitig
empfangn,empfangen
ekle,ekel
frühzeitgem,frühzeitig
versichr,versicher
unglückselgen,unglückselig
unwürdger,unwürdig
gefundne,gefunden
geschwungn,geschwungen
unwillg,unwillig
lehn,lehen
unwürdgen,unwürdig
grimmg,grimmig
geliebn,gelieben
tapfre,tapfer
verleihn,verleihen
vergangnem,vergangen
blühn,blühen
tätg,tätig
dichn,dichen
krähn,krähen
übermütg,übermütig
mächtge,mächtig
geflochtn,geflochten
glückselge,glückselig
entschiedne,entschieden
leidge,leidig
einzge,einzig
heutg,heutig
eigensinng,eigensinnig
bescheidn,bescheiden
gegenwärtge,gegenwärtig
lebendge,lebendig
verzweifl,verzweifel
entschlafn,entschlafen
würdger,würdig
verschiedn,verschieden
verschmähn,verschmähen
vergebn,vergeben
ohnmächtger,ohnmächtig
gezogn,gezogen
glückselg,glückselig
erhabne,erhaben
verschiedne,verschieden
mäßgen,mäßig
übertriebn,übertrieben
erbrochne,erbrochen
traurg,traurig
heftg,heftig
unglückselg,unglückselig
freudger,freudig
mächtger,mächtig
erloschn,erloschen
zeihn,zeihen
muntre,munter
verschwiegn,verschwiegen
verschlungn,verschlungen
erschrockne,erschrocken
holdselge,holdselig
züchtg,züchtig
ehrerbietg,ehrerbietig
allmächtg,allmächtig
heutge,heutig
unterwerfn,unterwerfen
unglückselger,unglückselig
betretne,betreten
wahnsinnger,wahnsinnig
feindselg,feindselig
müßg,müßig
glückselger,glückselig
gebrochn,gebrochen
unglückselges,unglückselig
traurgen,traurig
hattn,hatten
entschlafne,entschlafen
höhres,höher
sündgen,sündig
üppg,üppig
hintergehn,hintergehen
feurg,feurig
sündg,sündig
sanftre,sanfter
ehrwürdger,ehrwürdig
sündger,sündig
widerstehn,widerstehen
niederträchtger,niederträchtig
sandn,sanden
flohn,flohen
fliehn,fliehen
armselge,armselig
gültgen,gültig
wahnsinng,wahnsinnig
leihn,leihen
verworfne,verworfen
bezwungn,bezwungen
eilg,eilig
unglückselge,unglückselig
wütg,wütig
lustg,lustig
freudetrunkn,freudetrunken
vergeßn,vergeßen
hinterlistg,hinterlistig
unbarmherzg,unbarmherzig
gegebn,gegeben
leisr,leiser
ehrerbietge,ehrerbietig
versehn,versehen
erbetn,erbeten
geschriebne,geschrieben
untertäng,untertänig
bestochne,bestochen
jauchzn,jauchzen
trotzg,trotzig
hochwürdg,hochwürdig
eing,einig
unvorsichtg,unvorsichtig
versunkne,versunken
zertretne,zertreten
ehrwürdg,ehrwürdig
hintergangne,hintergangen
wengen,wenig
zeitge,zeitig
eingen,einig
unbändg,unbändig
vorhergesehn,vorhergesehen
zertretn,zertreten
blutges,blutig
verdächtg,verdächtig
verstorbne,verstorben
ohnmächtge,ohnmächtig
traurge,traurig
vertriebne,vertrieben
unzählg,unzählig
erlesne,erlesen
vorg,vorig
zurückziehn,zurückziehen
giftge,giftig
gediegn,gediegen
gläubg,gläubig
allmächtgen,allmächtig
listge,listig
tätge,tätig
unwürdgem,unwürdig
unberufn,unberufen
hineingehn,hineingehen
tragn,tragen
wankelmütge,wankelmütig
liegn,liegen
sündge,sündig
ergebn,ergeben
erstorbne,erstorben
eigenmächtg,eigenmächtig
entgegn,entgegen
unterstehn,unterstehen
verständge,verständig
weitergehn,weitergehen
leichtfertge,leichtfertig
müßge,müßig
spitzg,spitzig
billgen,billig
verdankn,verdanken
selge,selig
dienstfertg,dienstfertig
wütge,wütig
andächtge,andächtig
beladn,beladen
barmherzg,barmherzig
einzgen,einzig
zweifle,zweifel
kundg,kundig
wichtges,wichtig
dunkl,dunkel
zorng,zornig
schuldge,schuldig
untergehn,untergehen
vergaßn,vergaßen
inng,innig
blutger,blutig
fachn,fachen
rüstg,rüstig
freiwillg,freiwillig
ordne,orden
beruhge,beruhig
frostg,frostig
mühselg,mühselig
könge,könig
köng,könig
eingeschlichn,eingeschlichen
aufgedrungne,aufgedrungen
geladn,geladen
entziehn,entziehen
gefundn,gefunden
geschäftg,geschäftig
herunterziehn,herunterziehen
auferzogn,auferzogen
eifre,eifer
verschwundn,verschwunden
bessre,besser
bogn,bogen
längr,länger
nähre,näher
allgewaltg,allgewaltig
versprochn,versprochen
seelg,seelig
andres,ander
heitres,heiter
richtg,richtig
seelgen,seelig
ungeduldg,ungeduldig
großmütge,großmütig
vorgehn,vorgehen
verstehn,verstehen
zurückgegebn,zurückgegeben
losgehn,losgehen
fluchwürdger,fluchwürdig
weichherzg,weichherzig
wahrhaftg,wahrhaftig
losgebundn,losgebunden
tiefsinnger,tiefsinnig
untre,unter
haftn,haften
hurtge,hurtig
ruhge,ruhig
lustge,lustig
überstehn,überstehen
dastehn,dastehen
großmütger,großmütig
eifersüchtg,eifersüchtig
draussen,draußen
pappa,papa
einmahl,einmal
manchmahl,manchmal
ehr,ehre
edl,edel
eign,eigen
vertraun,vertrauen
leiben,leib
ziemt,ziemen
sprich,sprechen
sieh,sehen
gib,geben
gieb,geben
nimm,nehmen
hilf,helfen
wirf,werfen
laß,lassen
geh,gehen
steh,stehen
göttinn,göttin
herzensfreundinn,herzensfreundin
erhalterinn,erhalterin
zauberinn,zauberin
schäferinn,schäferin
kamerädinn,kamerädin
gespielinn,gespielin
kupplerinn,kupplerin
zerstörerinn,zerstörerin
tänzerinn,tänzerin
genueserinn,genueserin
pariserinn,pariserin
kindermörderinn,kindermörderin
baroneßinn,baroneßin
hierinn,hierin
kaiserinn,kaiserin
freundinn,freundin
schöpferinn,schöpferin
dulderinn,dulderin
gattinn,gattin
köchinn,köchin
seherinn,seherin
