opere,autori
22,157
41,126
33,52
44,84
25,80
39,74
26,59
38,66
60,62
34,105
24,62
38,111
40,58
37,99
40,216
55,64
39,48
35,198
41,67
44,82
44,70
33,77
40,105
48,104
40,96
41,49
74,82
44,131
50,151
45,83
45,55
37,56
39,75
53,45
47,139
36,195
39,115
42,192
52,70
37,89
39,64
29,50
29,98
35,125
39,60
38,82
24,261
38,91
54,164
60,79
21,71
57,109
45,66
73,99
43,88
45,57
52,53
48,89
50,105
66,71
56,169
47,96
29,142
34,184
40,128
32,58
25,86
35,59
39,78
23,47
29,124
50,182
57,73
54,98
36,99
34,89
33,63
116,90
37,79
48,70
32,132
88,66
32,84
47,92
49,64
38,53
33,95
53,215
42,81
36,120
74,47
52,92
58,219
36,110
43,63
33,65
42,125
61,59
45,79
63,46
43,95
33,94
45,74
35,76
36,48
24,75
38,120
44,48
37,71
47,90
45,87
62,69
29,74
47,67
53,92
49,124
34,110
25,78
36,85
27,118
33,84
33,95
31,120
32,157
40,82
34,73
49,68
39,127
39,163
52,70
30,52
45,135
36,62
46,82
26,96
32,51
43,92
43,136
48,127
46,118
33,82
46,175
55,137
37,94
37,117
42,125
33,198
37,166
35,218
28,57
59,88
39,103
56,165
37,82
37,181
36,69
54,87
35,45
30,91
27,114
44,74
64,78
30,61
43,42
37,88
41,63
41,85
48,118
27,101
30,118
54,111
35,58
20,179
47,72
31,134
40,47
40,86
43,56
25,76
28,116
35,96
60,106
44,82
43,60
92,154
52,98
60,60
35,73
43,150
31,84
40,62
40,68
20,82
38,61
44,84
32,124
34,186
45,60
43,96
37,47
39,47
39,102
36,74
41,89
40,91
50,57
42,67
28,102
58,119
36,99
52,44
23,73
38,71
44,85
34,63
37,61
49,136
29,60
26,58
37,135
48,79
36,81
45,75
34,76
56,93
39,41
41,83
28,154
29,211
44,37
44,92
29,56
37,64
56,96
49,150
41,66
27,99
32,82
49,96
38,88
40,121
47,36
32,65
47,121
36,87
54,85
41,106
43,40
42,110
37,102
40,43
31,163
38,94
28,157
50,56
42,81
64,52
40,37
72,90
44,81
39,82
35,165
58,93
44,48
46,92
36,126
40,84
43,95
62,74
62,69
30,206
37,72
33,71
36,60
27,96
36,85
32,129
36,60
35,45
48,112
55,48
28,79
34,129
37,95
91,84
30,105
30,67
55,126
58,90
46,93
34,143
49,55
43,48
32,44
36,102
53,63
27,59
38,145
50,79
47,77
37,151
38,50
62,84
30,66
47,88
38,59
35,99
39,91
32,196
43,56
40,109
52,71
42,75
52,95
48,125
44,69
39,130
57,154
37,73
58,48
31,50
44,82
33,136
108,96
48,142
31,119
33,52
23,141
45,63
52,252
45,106
26,67
56,166
54,111
33,44
41,58
41,62
26,138
32,94
51,44
63,95
64,75
55,65
42,97
30,66
45,68
44,47
30,76
70,83
32,107
60,91
42,138
40,140
30,67
34,62
28,81
40,71
36,71
32,56
38,48
74,127
32,95
31,88
40,81
36,60
47,75
65,61
48,98
63,74
41,85
26,101
48,82
44,49
36,68
47,72
62,118
36,80
84,81
63,96
36,56
67,80
36,93
32,78
52,44
27,96
60,76
46,182
49,45
59,80
34,89
57,69
40,139
29,49
41,77
35,57
75,62
50,110
41,158
40,215
42,50
45,132
72,84
53,83
43,182
52,130
41,110
39,65
44,155
47,52
41,62
36,48
39,64
32,92
55,143
28,248
31,146
45,61
32,43
64,45
58,59
38,232
27,155
55,98
31,44
53,78
59,111
55,49
50,129
42,77
36,71
48,138
43,93
57,64
58,104
76,83
52,212
25,84
35,48
50,148
35,63
40,51
58,66
73,123
32,110
43,82
40,71
46,151
47,39
31,98
35,47
34,99
41,40
24,81
45,87
51,106
46,101
54,50
48,152
37,65
38,101
35,80
47,61
58,119
38,100
39,59
44,52
36,73
28,44
42,98
33,144
45,111
47,71
36,54
43,63
58,74
35,233
36,100
26,69
48,203
29,99
42,98
27,110
48,78
35,64
53,163
38,43
37,73
40,67
71,94
29,48
53,90
33,70
55,95
42,85
53,52
34,37
57,84
61,62
41,151
37,236
33,201
36,82
38,48
42,59
40,71
43,273
47,93
37,45
40,132
26,78
40,137
42,62
33,92
34,87
41,65
40,187
33,49
26,52
49,98
53,111
56,73
33,99
41,52
49,125
46,86
44,98
30,45
40,71
69,74
35,56
48,46
46,60
38,242
35,55
35,77
54,73
51,52
37,131
38,70
33,52
33,109
41,61
34,147
49,82
43,54
31,52
34,118
34,77
51,71
47,74
53,78
48,85
43,50
49,47
41,134
38,70
33,112
42,55
46,99
45,74
52,85
43,262
47,73
30,117
49,126
31,271
50,85
74,46
31,74
37,105
30,117
30,95
35,87
36,77
51,64
50,123
47,165
50,97
46,84
46,116
44,221
35,95
49,147
27,134
36,75
29,84
55,110
31,45
50,167
45,74
40,65
29,266
58,114
53,156
36,136
28,95
42,103
44,193
30,44
63,49
19,125
34,72
47,52
37,93
32,92
50,94
41,91
36,63
29,73
32,57
35,179
32,142
37,84
37,95
72,74
41,88
51,136
31,127
57,61
56,89
35,56
27,83
57,82
77,72
47,100
29,82
29,89
38,71
33,87
51,91
34,53
41,231
52,81
34,104
30,83
36,89
30,48
43,60
80,57
68,43
25,122
67,54
49,66
46,56
45,59
39,84
47,69
49,93
27,126
31,66
37,232
47,50
39,99
38,85
37,52
41,213
37,72
23,112
30,86
50,58
25,91
39,81
27,100
36,91
43,66
30,91
33,324
27,194
38,82
31,151
52,87
33,94
32,99
71,60
42,153
32,93
43,69
32,88
58,79
27,37
41,71
33,219
54,104
46,112
51,239
40,50
21,82
69,72
33,154
24,99
53,54
43,94
39,124
39,52
34,74
61,58
46,158
36,55
37,109
40,184
49,73
38,120
34,91
66,75
51,71
28,82
35,65
49,93
54,137
35,183
43,71
48,369
39,93
71,165
45,103
51,48
81,89
78,89
27,70
30,192
54,75
36,58
44,102
65,46
32,102
33,85
48,88
44,70
48,88
27,103
38,231
85,48
42,294
30,95
59,131
63,83
31,66
30,124
42,37
31,102
43,94
56,80
42,47
45,75
18,52
49,99
37,116
37,132
32,147
36,52
39,65
39,90
37,96
38,120
49,181
39,241
27,82
33,138
53,81
61,69
28,151
42,139
38,93
29,60
37,61
42,106
27,95
37,70
45,77
44,58
33,95
26,91
35,56
78,118
29,76
46,100
29,198
43,133
41,93
46,81
29,90
35,95
40,60
41,71
39,160
44,71
46,52
36,67
48,106
35,103
24,50
51,60
30,58
51,201
48,62
30,48
39,37
26,61
53,52
34,65
41,47
48,59
37,90
40,129
37,96
49,75
44,76
35,59
44,181
41,226
47,75
71,71
97,94
96,94
85,168
34,92
44,81
58,168
25,58
44,102
59,80
55,83
49,122
57,39
49,53
54,87
35,72
47,131
42,260
37,53
40,97
33,55
38,87
41,64
34,72
40,143
88,65
47,52
31,25
50,77
42,96
38,36
40,48
39,84
43,48
43,66
72,97
24,95
61,50
57,127
32,72
49,84
63,114
39,70
54,123
44,75
46,104
56,44
41,71
39,93
40,87
24,134
34,174
62,70
27,44
51,92
29,324
27,115
36,88
49,215
31,51
43,207
51,114
33,46
36,154
65,85
42,114
71,72
38,93
50,64
27,95
49,61
39,85
43,72
43,56
38,71
41,98
53,70
38,66
32,139
46,116
37,168
40,241
39,234
25,106
45,89
29,124
32,94
34,48
66,132
41,87
35,50
45,71
48,83
32,72
29,76
60,94
41,176
26,44
49,215
44,99
36,80
38,62
39,151
39,102
53,198
38,66
44,106
83,87
48,115
50,66
35,121
37,99
46,95
37,41
35,97
37,91
30,152
37,104
39,125
27,61
35,70
34,76
30,83
50,82
38,143
68,83
37,133
38,82
21,113
45,90
53,109
28,79
33,145
26,129
40,87
35,82
31,80
36,277
21,116
38,74
36,74
31,58
49,178
60,41
27,81
46,101
38,80
66,56
51,53
31,95
37,46
58,138
38,271
49,96
33,107
43,64
41,91
42,220
53,102
42,83
43,108
48,71
39,104
28,63
103,48
61,70
30,120
38,117
35,58
61,84
54,53
46,172
57,85
40,172
61,101
42,72
34,61
49,139
66,44
32,93
51,73
55,95
60,81
33,98
33,101
54,216
37,71
44,43
52,107
