,classe,autore,parole,posizione
goethe-clavigo,SD,goethe,4272,0.8397201989970684
goethe-faust-in-urspruenglicher-gestalt,SD,goethe,4076,0.8615529804110517
goethe-goetz-von-berlichingen-mit-der-eisernen-hand,SD,goethe,8618,0.8499250023168503
goethe-satyros,SD,goethe,1054,0.5533815384105665
klinger-das-leidende-weib,SD,klinger,4734,1.4549812138196907
klinger-die-neue-arria,SD,klinger,7467,0.8921612905448303
klinger-die-zwillinge,SD,klinger,5483,0.9096787745145372
klinger-simsone-grisaldo,SD,klinger,8383,0.7621080704995248
klinger-sturm-und-drang,SD,klinger,5206,0.8598328778246972
leisewitz-julius-von-tarent,SD,leisewitz,5434,0.7429157452295675
lenz-der-englaender,SD,lenz,1600,1.0387089920127952
lenz-der-hofmeister,SD,lenz,7162,1.5004666205613935
lenz-die-freunde-machen-den-philosophen,SD,lenz,3163,0.9270087527364769
lenz-die-soldaten,SD,lenz,3875,1.6831521918774501
lenz-pandaemonium-germanicum,SD,lenz,1451,1.2013835701815818
maler-mueller-golo-und-genovefa,SD,maler-mueller,14949,0.7960843825368353
schiller-die-raeuber,SD,schiller,13476,0.8735457864546711
schiller-die-verschwoerung-des-fiesco-zu-genua,SD,schiller,9417,0.7629940464697568
schiller-kabale-und-liebe,SD,schiller,8918,0.8515394499622305
wagner-die-kindermoerderin,SD,wagner,5935,1.2994543048234979
wagner-die-reue-nach-der-that,SD,wagner,5906,1.3394042098149295
collin-balboa,Klassizismus,collin,6261,-0.025519191133143614
collin-coriolan,Klassizismus,collin,6508,-0.3256041152247703
goethe-die-natuerliche-tochter,Klassizismus,goethe,8246,-0.05351759094058512
goethe-egmont,Klassizismus,goethe,8388,0.5064895356349447
goethe-iphigenie-auf-tauris,Klassizismus,goethe,6023,-0.1702388963187437
goethe-pandora,Klassizismus,goethe,2920,0.06679677668629039
goethe-torquato-tasso,Klassizismus,goethe,8790,0.017045898746660234
schiller-die-braut-von-messina,Klassizismus,schiller,7795,-0.030188818386950703
schiller-die-jungfrau-von-orleans,Klassizismus,schiller,9968,-0.12699583194680386
schiller-don-carlos-infant-von-spanien,Klassizismus,schiller,12834,0.33666948442310646
schiller-maria-stuart,Klassizismus,schiller,10479,-0.09331071280210486
schiller-wilhelm-tell,Klassizismus,schiller,9154,0.13050794679246758
schlegel-alarcos,Klassizismus,schlegel-f,4300,-0.15312935735434946
schlegel-jon,Klassizismus,schlegel-aw,6552,-0.0857474363651461
seume-miltiades,Klassizismus,seume,4029,0.019767699521301852
wolzogen-der-leukadische-fels,Klassizismus,wolzogen,2601,-0.3064570781678089
schiller-wallenstein,Klassizismus,schiller,19397,0.2934316868356342
