,classe,G2,log2_ratio,z_logodds,G2 > Bonferroni,r_opere,q_opere,regge per opera,log2 pesi uguali,concorda a pesi uguali,log2 goethe,log2 schiller,concorda in ogni autore,stabile senza ogni autore,cade senza,stabile senza autori minori,quota con max 3 opere per autore,stabile con max 3 opere per autore,stabile senza opere brevi,quota nei parametri,stabile ai parametri,presente anche con il modello grande,regge log-odds,solida,robusta,controlli falliti,verdetto
herr,SD,412.65539347251286,1.5565042084747125,19.059711619220263,True,0.742296918767507,0.004698494890653621,True,1.999408918985807,True,2.3832490783479128,0.7240673344997193,True,True,,True,1.0,True,True,1.0,True,True,True,True,True,,A  robusta
kopf,SD,168.52147909104394,2.6337861094474038,10.769411635136233,True,0.8823529411764706,0.0007038165654389934,True,2.940275613267247,True,2.674649493453178,2.580782548064318,True,True,,True,1.0,True,True,1.0,True,True,True,True,True,,A  robusta
teufel,SD,161.7856253264211,2.66599515014415,10.505686041698274,True,0.927170868347339,0.00046821181745811444,True,3.2922659643896974,True,2.3358151638946247,2.280901091230362,True,True,,True,1.0,True,True,1.0,True,True,True,True,True,,A  robusta
junge,SD,147.89556584317347,4.853014030631793,6.932971798056139,True,0.588235294117647,0.014522846723140003,True,4.47476993921128,True,3.818950179556877,4.0687205943906095,True,True,,True,1.0,True,True,1.0,True,True,True,True,True,,A  robusta
sehen,SD,131.39950552416786,0.8738040800334765,11.263093413967402,True,0.6974789915966386,0.0072750552702708785,True,1.0913074186604792,True,0.8344910304526549,0.46237559401198935,True,True,,True,0.98,True,True,1.0,True,True,True,True,True,,A  robusta
kerl,SD,131.03335074341464,3.9581071653233337,7.719206594946723,True,0.8599439775910365,0.0007038165654389934,True,3.977357740410502,True,2.2753793100326507,4.830560857195845,True,True,,True,1.0,True,True,1.0,True,True,True,True,True,,A  robusta
sagen,SD,122.15010359161539,1.0662497817317036,10.723192713776228,True,0.7983193277310925,0.0024368590558086836,True,1.266283908802078,True,0.3981556422756264,0.9559680143072093,True,True,,True,1.0,True,True,1.0,True,True,True,True,True,,A  robusta
mädchen,SD,120.85262587679959,2.0078518276699415,9.826820087586613,True,0.6526610644257702,0.011623258853676526,True,1.9867633040245918,True,1.7880607336441123,1.610450098585316,True,True,,True,1.0,True,True,1.0,True,True,True,True,True,,A  robusta
leute,SD,110.38937641627459,2.0847639612216406,9.311241629100746,True,0.7591036414565826,0.00408109117533785,True,2.451574033459479,True,0.8224905372621254,0.7267654448235445,True,True,,True,1.0,True,True,1.0,True,True,True,True,True,,A  robusta
gesicht,SD,102.77975236153459,2.3450489296257984,8.713779000074366,True,0.9019607843137254,0.0006636501051189532,True,2.516906513329388,True,2.588537195292281,1.9420487909021813,True,True,,True,1.0,True,True,1.0,True,True,True,True,True,,A  robusta
hund,SD,91.39871566882297,4.563507413436808,5.685870511934279,True,0.6918767507002801,0.0037794332989156258,True,4.729496670075573,True,5.32374233159405,3.608168435859397,True,True,,True,1.0,True,True,1.0,True,True,True,True,True,,A  robusta
lachen,SD,90.68457591459776,3.008512949543138,7.475227985816715,True,0.8683473389355743,0.0008622106604683053,True,3.1950239700851744,True,1.8643107129567527,2.558964437858627,True,True,,True,1.0,True,True,1.0,True,True,True,True,True,,A  robusta
kriegen,SD,90.36152463267399,4.253724748411535,6.0189504325674585,True,0.8207282913165266,0.0008622106604683053,True,4.113591285710075,True,2.8907829243179437,5.773977328829478,True,True,,True,1.0,True,True,1.0,True,True,True,True,True,,A  robusta
gnädig,SD,81.76661776514594,1.6732324054443322,8.354126847767407,True,0.5630252100840336,0.029948902404771632,True,1.8661824292575757,True,2.6476319428146984,2.0062494808925844,True,True,,True,1.0,True,True,1.0,True,True,True,True,True,,A  robusta
narr,SD,81.14998390472095,4.127408298630135,5.828140832263145,True,0.8319327731092436,0.0009220912262250505,True,4.561026222179362,True,3.2533530037026517,3.276962527384024,True,True,,True,1.0,True,True,1.0,True,True,True,True,True,,A  robusta
herum,SD,76.668314601078,2.847300379437399,7.029953094853567,True,0.8319327731092436,0.0012188727232726,True,3.3865252716333045,True,3.6786588384353225,1.2613656723330058,True,True,,True,1.0,True,True,1.0,True,True,True,True,True,,A  robusta
schlafen,SD,74.41906420108606,2.2950185775109055,7.453179735197547,True,0.8179271708683473,0.0018434414225786684,True,2.5853357435598427,True,2.115849479952717,1.461327047530126,True,True,,True,1.0,True,True,1.0,True,True,True,True,True,,A  robusta
empfindung,SD,67.77144508058834,3.699454911466005,5.746362308420455,True,0.6302521008403361,0.00971369332681318,True,3.813881934195444,True,1.5835016053949826,3.6661740392949627,True,True,,True,1.0,True,True,1.0,True,True,True,True,True,,A  robusta
hübsch,SD,62.9345782164897,3.8358047405995697,5.389083003989318,True,0.5406162464985995,0.01922861350081303,True,3.3934939745378454,True,1.293994988199998,3.937476061112357,True,True,,True,1.0,True,True,1.0,True,True,True,True,True,,A  robusta
jung,SD,62.492317940069825,1.4891087405632648,7.420695913222653,True,0.5294117647058822,0.0444551202438623,True,1.8123256700729782,True,0.7580933059297277,0.9273042560550658,True,True,,True,0.985,True,True,1.0,True,True,True,True,True,,A  robusta
freilich,SD,62.35474101407712,1.7208033853232696,7.2594928842399336,True,0.7142857142857142,0.006215417560834179,True,1.8094970003189907,True,1.7545471467312104,1.786636900800943,True,True,,True,1.0,True,True,1.0,True,True,True,True,True,,A  robusta
geben,SD,59.08896725489694,0.7688362447896692,7.572210175281106,True,0.73109243697479,0.005426764524707443,True,1.0018767608875947,True,0.9129285651979001,0.16974821317546376,True,True,,True,0.995,True,True,1.0,True,True,True,True,True,,A  robusta
laufen,SD,55.279420519261066,2.0333728034563086,6.616451529567539,True,0.742296918767507,0.004487521035117163,True,2.292795212540982,True,2.588537195292281,1.4271028768118845,True,True,,True,0.98,True,True,1.0,True,True,True,True,True,,A  robusta
unglücklich,SD,55.14118593977827,2.1506925228873337,6.520606482855854,True,0.742296918767507,0.004497556975069185,True,2.6343288356318255,True,1.182963675811254,2.023205935138241,True,True,,True,0.975,True,True,1.0,True,True,True,True,True,,A  robusta
hals,SD,54.95759074537362,2.486628583275104,6.243810644516894,True,0.588235294117647,0.020112643517767627,True,2.308998309060264,True,1.548096269263784,2.9215345172433356,True,True,,True,0.995,True,True,1.0,True,True,True,True,True,,A  robusta
lesen,SD,54.06826095330245,1.8747230749027712,6.655416776506054,True,0.6778711484593838,0.008598256589421404,True,2.344332287664345,True,2.3099365320690195,0.7597526891096376,True,True,,True,0.95,True,True,1.0,True,True,True,True,True,,A  robusta
trinken,SD,48.69973444634933,2.4393523049448746,5.910276889503647,True,0.5070028011204482,0.04558222256444997,True,2.2639216478235125,True,2.5163874095364456,2.1942514764744687,True,True,,True,0.805,True,True,1.0,True,True,True,True,True,,A  robusta
wetter,SD,47.62627480885964,3.5282319386892773,4.9274170365202306,True,0.6414565826330532,0.007741283727506322,True,3.2772111965824475,True,,3.180747212124721,True,True,,True,1.0,True,True,1.0,True,True,True,True,True,,A  robusta
mädel,SD,84.29990305909669,5.510265392159829,4.315567284751633,True,0.535014005602241,0.015101501965296957,True,4.906295914296059,True,,6.487673143672836,True,True,,True,1.0,True,True,1.0,True,True,False,True,False,non regge con i log-odds,B  solida ma sensibile
lassen,SD,75.82429101848146,0.5286142972421887,8.701083864747059,True,0.6414565826330532,0.014051322527556023,True,0.6471127741910276,True,0.04522814224440947,0.19668474048207182,True,False,"klinger, lenz, seume",False,0.43,False,True,0.5,False,False,True,True,False,instabile togliendo un autore; cade senza gli autori minori Klassizismus; cade con max 3 opere per autore; sensibile ai parametri; assente con il modello grande,B  solida ma sensibile
familie,SD,65.05200830636615,6.579104268487827,1.8554837312347279,True,0.6190476190476191,0.005426764524707443,True,5.3952106801125765,True,4.838315504423808,4.830560857195845,True,True,,True,0.975,True,True,1.0,True,True,False,True,False,non regge con i log-odds,B  solida ma sensibile
komödie,SD,60.80948602551618,6.482888953228523,1.7939522739117286,True,0.4285714285714286,0.027562632040240207,True,5.297405034103822,True,,5.773977328829478,True,True,,True,0.895,True,True,1.0,True,True,False,True,False,non regge con i log-odds,B  solida ma sensibile
nase,SD,55.13688984901347,4.347373982572042,4.511139711943084,True,0.7759103641456582,0.0014788659927986014,True,4.066811136356232,True,2.0689284325652246,5.653683095111766,True,True,,True,1.0,True,True,1.0,True,True,False,True,False,non regge con i log-odds,B  solida ma sensibile
schreiben,SD,55.00175241761545,1.4940357332224135,6.957587042362451,True,0.5154061624649859,0.048655930346336355,True,2.0756698502421074,True,1.6350319060350649,0.7459776477216931,True,False,lenz,True,0.865,True,True,1.0,True,True,True,True,False,instabile togliendo un autore,B  solida ma sensibile
verlieben,SD,53.99152175590973,4.930716387625036,3.8408382204609004,True,0.4453781512605042,0.034462335339713095,True,4.465392959915276,True,,,True,True,,True,0.835,True,True,1.0,True,True,False,True,False,non regge con i log-odds,B  solida ma sensibile
frauenzimmer,SD,52.62280612165426,4.897926452507367,3.8146587773520495,True,0.5406162464985995,0.014383609118605468,True,4.929963818611676,True,,3.245598356474689,True,True,,True,0.925,True,True,1.0,True,True,False,True,False,non regge con i log-odds,B  solida ma sensibile
küssen,SD,51.15163057704943,2.766569107324542,5.791921396197228,True,0.5182072829131652,0.04476414989769682,True,2.2708061615443293,True,2.0094274208165626,1.7821978356344461,True,False,klinger,True,0.785,False,True,1.0,True,True,True,True,False,instabile togliendo un autore; cade con max 3 opere per autore,B  solida ma sensibile
bekommen,SD,48.3055915626346,3.02787262507922,5.4064746844734675,True,0.6750700280112045,0.005792527587162775,True,3.529204886845621,True,,1.6776089343572465,True,False,lenz,True,0.895,True,True,1.0,True,True,True,True,False,instabile togliendo un autore,B  solida ma sensibile
maul,SD,47.15903965134577,4.758763704835742,3.7041610514936374,True,0.6414565826330532,0.005615887520315673,True,4.413668153095988,True,,5.378048652498339,True,True,,True,0.935,True,True,1.0,True,True,False,True,False,non regge con i log-odds,B  solida ma sensibile
frau,SD,123.20125096668423,1.768017974661542,10.169675200061304,True,0.2717086834733893,0.31726884340971445,False,1.9247827149538188,True,1.3859907722807707,1.2285248431157474,True,True,,True,1.0,True,True,1.0,True,True,True,False,True,non regge per opera,C  fragile
liebe,SD,95.89929961469318,0.9015486547070282,9.591903551370862,True,0.1876750700280112,0.5164533110965899,False,0.6085169234054543,True,0.03553331215602791,0.5876832549801538,True,False,klinger,True,0.905,True,True,1.0,True,True,True,False,False,non regge per opera; instabile togliendo un autore,C  fragile
bruder,SD,85.54171403947879,1.129856374103746,8.926347153132902,True,0.2773109243697478,0.306791426035351,False,1.0505443109963453,True,1.1352201112744074,0.6922436634177979,True,True,,True,0.945,True,True,1.0,True,True,True,False,True,non regge per opera,C  fragile
wissen,SD,84.5106712773653,0.6794872369090804,9.113238258934155,True,0.6918767507002801,0.007853145686609345,True,0.9671563843156863,True,0.4068570061463019,-0.02953552693373209,False,True,,True,0.93,True,True,0.5,False,True,True,False,False,si inverte in un autore; sensibile ai parametri,C  fragile
papa,SD,73.24286620357447,5.3253476762420435,4.161243349280105,True,0.1428571428571428,0.38619529127795216,False,5.614293517703147,True,,,True,False,lenz,True,0.595,False,True,0.3333333333333333,False,True,False,False,False,non regge per opera; non regge con i log-odds; instabile togliendo un autore; cade con max 3 opere per autore; sensibile ai parametri,C  fragile
gräfin,SD,72.1925799722187,2.483293352682016,7.168469443332753,True,0.1204481792717087,0.586217468019003,False,1.403748557428794,True,,2.7705787523676126,True,False,maler-mueller,True,1.0,True,True,0.6666666666666666,False,True,True,False,False,non regge per opera; instabile togliendo un autore; sensibile ai parametri,C  fragile
mama,SD,72.12287877444942,6.726445984563013,1.9537363322432393,True,0.2857142857142858,0.08683976779487652,False,5.504883863551876,True,,,True,True,,True,1.0,True,True,0.6666666666666666,False,True,False,False,False,non regge per opera; non regge con i log-odds; sensibile ai parametri,C  fragile
brav,SD,67.8530467723714,2.6176031574777174,6.824870311549486,True,0.5574229691876751,0.02486039145509221,True,2.864097291921969,True,4.961172252209342,-0.2684282374355219,False,True,,True,1.0,True,True,1.0,True,True,True,False,True,si inverte in un autore,C  fragile
hauptmann,SD,65.860458511081,3.104900899220565,6.26017138955167,True,0.10924369747899165,0.6222445382320388,False,2.531073110738986,True,3.4674778090554996,4.54105424000086,True,False,schiller,True,1.0,True,True,0.6666666666666666,False,True,True,False,False,non regge per opera; instabile togliendo un autore; sensibile ai parametri,C  fragile
gewiß,SD,53.40949059210001,1.0230716388153989,7.095298232041345,True,0.5518207282913166,0.03539969058899575,True,0.9000283580948313,True,-0.12471816922224428,0.8697314544765228,False,False,schiller,True,1.0,True,True,1.0,True,True,True,False,False,si inverte in un autore; instabile togliendo un autore,C  fragile
hofmeister,SD,52.32444146381625,6.268764147875676,1.6640806230521354,True,0.23809523809523814,0.12719474643612863,False,4.7457721196663565,True,,,True,False,lenz,True,0.56,False,True,0.6666666666666666,False,True,False,False,False,non regge per opera; non regge con i log-odds; instabile togliendo un autore; cade con max 3 opere per autore; sensibile ai parametri,C  fragile
volk,Klassizismus,-225.6625331918402,-2.4921220949092358,-12.624244586244963,True,-0.669467787114846,0.009280793600109534,True,-2.540103304589411,True,-2.0805477328507864,-1.7965944349100151,True,True,,True,1.0,True,True,1.0,True,True,True,True,True,,A  robusta
schnell,Klassizismus,-150.37785356815635,-2.1832983626481606,-10.692657526251178,True,-0.8991596638655462,0.0006636501051189532,True,-2.3301051145242506,True,-1.2950836209933902,-3.8547719685550383,True,True,,True,1.0,True,True,1.0,True,True,True,True,True,,A  robusta
stets,Klassizismus,-139.09061461477785,-5.0655889567925625,-6.368380710664503,True,-0.988795518207283,0.00010386680296276141,True,-4.905146831592694,True,-4.623163942862348,-4.105095322639278,True,True,,True,1.0,True,True,1.0,True,True,True,True,True,,A  robusta
hoch,Klassizismus,-130.98994738630128,-1.757561678721462,-10.446629976629941,True,-0.7927170868347339,0.0027117072757166156,True,-1.6532010812126037,True,-1.2988727106065046,-1.1560358248107876,True,True,,True,1.0,True,True,1.0,True,True,True,True,True,,A  robusta
haupt,Klassizismus,-128.25234121234493,-2.301304734909188,-9.733240292383664,True,-0.7535014005602241,0.003988705117316917,True,-2.5351723495961234,True,-2.4546335234917884,-2.5934949014524333,True,True,,True,1.0,True,True,1.0,True,True,True,True,True,,A  robusta
nahen,Klassizismus,-110.07775574014097,-3.8797124343026015,-7.101830002006047,True,-0.8823529411764706,0.0006252937802829059,True,-4.144237062045904,True,-2.841164595081638,-3.0236841970242825,True,True,,True,1.0,True,True,1.0,True,True,True,True,True,,A  robusta
heer,Klassizismus,-106.734595615101,-3.2219753281432904,-7.804255671977485,True,-0.5546218487394958,0.020879310215888902,True,-3.420947957161972,True,-2.528006709822008,-2.535761357049971,True,True,,True,1.0,True,True,1.0,True,True,True,True,True,,A  robusta
frei,Klassizismus,-91.06658591803307,-1.460542475177825,-8.946620354492007,True,-0.7647058823529411,0.003988705117316917,True,-1.4953787774768397,True,-0.25677882634533156,-1.3479261577498913,True,True,,True,0.995,True,True,1.0,True,True,True,True,True,,A  robusta
fürstin,Klassizismus,-89.78566765126878,-4.224757768814618,-5.985948615990247,True,-0.4957983193277311,0.024296688208278957,True,-3.9242638598997446,True,-3.15603793243505,-2.7207354216394375,True,True,,True,0.915,True,True,1.0,True,True,True,True,True,,A  robusta
fremd,Klassizismus,-84.15588230087772,-2.1019232589315417,-8.064189530157806,True,-0.7198879551820728,0.005792527587162775,True,-1.6679098178626295,True,-1.1112194285932042,-2.056579575138386,True,True,,True,1.0,True,True,1.0,True,True,True,True,True,,A  robusta
königlich,Klassizismus,-76.27180048527217,-2.602350218407313,-7.208477898294176,True,-0.5070028011204482,0.04558222256444997,True,-2.2536249293991335,True,-1.1389644190761083,-2.5003560209187716,True,True,,True,0.955,True,True,1.0,True,True,True,True,True,,A  robusta
edel,Klassizismus,-74.6446798054213,-1.290551916232738,-8.209924644194956,True,-0.5490196078431373,0.03652006173543706,True,-1.5838368132093912,True,-0.9567842657271541,-1.773449098262154,True,True,,True,1.0,True,True,1.0,True,True,True,True,True,,A  robusta
brust,Klassizismus,-73.65340705049374,-1.3513759729252413,-8.116073141545945,True,-0.5966386554621849,0.0216641501750077,True,-1.4410526800767784,True,-1.2218213514803924,-0.8909404764730766,True,True,,True,1.0,True,True,1.0,True,True,True,True,True,,A  robusta
geschick,Klassizismus,-73.48398927466987,-3.436868239485739,-6.227703288473178,True,-0.6022408963585435,0.011623258853676526,True,-3.3620691075018705,True,-4.112969210543164,-4.892246673973702,True,True,,True,1.0,True,True,1.0,True,True,True,True,True,,A  robusta
vertrauen,Klassizismus,-69.24246262527885,-1.9183686398132815,-7.461772087620603,True,-0.8207282913165266,0.0018434414225786684,True,-2.1424959931805843,True,-1.9072941841516498,-1.6574705281814213,True,True,,True,0.995,True,True,1.0,True,True,True,True,True,,A  robusta
schweigen,Klassizismus,-66.6053587353461,-2.1053174898282485,-7.1671916529727415,True,-0.8151260504201681,0.0018434414225786684,True,-2.0979345322737557,True,-2.474567450860547,-1.3634183339028083,True,True,,True,1.0,True,True,1.0,True,True,True,True,True,,A  robusta
gunst,Klassizismus,-66.38581623202772,-2.6945305847607135,-6.634916654545547,True,-0.5826330532212884,0.02003301345626037,True,-2.2775084418284717,True,-1.1840523086046464,-2.570318579086339,True,True,,True,0.81,True,True,1.0,True,True,True,True,True,,A  robusta
kühn,Klassizismus,-66.12726861322888,-2.390405097393553,-6.897843845529907,True,-0.865546218487395,0.0008622106604683053,True,-2.440801677829797,True,-2.3613568404125562,-1.6494887925199468,True,True,,True,1.0,True,True,1.0,True,True,True,True,True,,A  robusta
furcht,Klassizismus,-64.12025849102645,-2.188496008629458,-6.963175107839444,True,-0.7142857142857143,0.005624756202659827,True,-2.245447491020873,True,-3.038201442141192,-1.324054754131049,True,True,,True,1.0,True,True,1.0,True,True,True,True,True,,A  robusta
senden,Klassizismus,-64.0695380650815,-3.1672124502614927,-6.06834271498403,True,-0.9047619047619048,0.00046821181745811444,True,-3.523659836055937,True,-1.9561003619262978,-2.207748499701631,True,True,,True,1.0,True,True,1.0,True,True,True,True,True,,A  robusta
folgen,Klassizismus,-63.21885042418066,-1.7013853293478132,-7.288013506295377,True,-0.8207282913165266,0.0018434414225786684,True,-1.522555486328639,True,-0.9227242247212557,-1.9085593291093068,True,True,,True,1.0,True,True,1.0,True,True,True,True,True,,A  robusta
streng,Klassizismus,-63.15930882314275,-2.7838039029284776,-6.387564727238014,True,-0.938375350140056,0.0003832283953711708,True,-3.2428007287171146,True,-2.238500092627023,-2.9229901974048094,True,True,,True,1.0,True,True,1.0,True,True,True,True,True,,A  robusta
pflicht,Klassizismus,-62.53113543404314,-1.6812214269396726,-7.262240468711192,True,-0.6834733893557423,0.008000551398420397,True,-1.6387466561949475,True,-0.26412590030251726,-1.4313823888424142,True,True,,True,0.985,True,True,1.0,True,True,True,True,True,,A  robusta
froh,Klassizismus,-60.47994676457256,-2.2063655908628723,-6.746901445457917,True,-0.8711484593837535,0.0008130196409166743,True,-2.2949194198926355,True,-3.1560379324350496,-1.1127353848414105,True,True,,True,1.0,True,True,1.0,True,True,True,True,True,,A  robusta
teuer,Klassizismus,-54.1570528536792,-1.7647303644819279,-6.701633066208345,True,-0.7450980392156863,0.004487521035117163,True,-2.112104625882368,True,-0.6535375919058665,-1.4256950160068866,True,True,,True,1.0,True,True,1.0,True,True,True,True,True,,A  robusta
rettung,Klassizismus,-53.87180735864952,-2.7126169918374297,-5.952826216494925,True,-0.803921568627451,0.0012188727232726,True,-3.0979189021937623,True,-3.038201442141192,-1.432815055336404,True,True,,True,0.975,True,True,1.0,True,True,True,True,True,,A  robusta
gesetz,Klassizismus,-53.58186288562218,-1.8956639553502501,-6.576180172483785,True,-0.7478991596638656,0.003988705117316917,True,-2.585743640518473,True,-0.9945745097409339,-0.39880732675207536,True,True,,True,0.99,True,True,1.0,True,True,True,True,True,,A  robusta
rasch,Klassizismus,-52.07930264431504,-2.194959575270202,-6.266130330196574,True,-0.7338935574229692,0.004487521035117163,True,-2.2125661825633243,True,-3.505980403492009,-1.5788300789418568,True,True,,True,1.0,True,True,1.0,True,True,True,True,True,,A  robusta
neu,Klassizismus,-51.381567658013026,-1.594770078538461,-6.6346298893041915,True,-0.7703081232492998,0.0037794332989156258,True,-1.8963848070811167,True,-1.6374179265425897,-2.3529617476471896,True,True,,True,1.0,True,True,1.0,True,True,True,True,True,,A  robusta
ziemen,Klassizismus,-50.95194330579988,-3.370987643566312,-5.210711437295501,True,-0.9159663865546218,0.0003829242590662804,True,-3.5474563414374827,True,-3.038201442141192,-3.9142729803037004,True,True,,True,1.0,True,True,1.0,True,True,True,True,True,,A  robusta
zart,Klassizismus,-50.89111149814016,-2.104826066834179,-6.260279445103639,True,-0.5938375350140056,0.020112643517767627,True,-2.5252154377439773,True,-2.975465686793229,-2.6918805589672523,True,True,,True,0.995,True,True,1.0,True,True,True,True,True,,A  robusta
bund,Klassizismus,-50.108260809910625,-2.389562524707382,-5.997497941086366,True,-0.7198879551820728,0.004984682466661661,True,-2.583297043426588,True,-1.390503186072073,-1.5092891456887796,True,True,,True,1.0,True,True,1.0,True,True,True,True,True,,A  robusta
feldherr,Klassizismus,-131.80339933597298,-7.567384856369816,-2.6709836026314044,True,-0.4117647058823529,0.01963048466804104,True,-5.982014896323081,True,,-5.58412437861137,True,True,,True,1.0,True,True,0.6666666666666666,False,True,False,True,False,non regge con i log-odds; sensibile ai parametri,B  solida ma sensibile
eigen,Klassizismus,-73.05530670194698,-1.6762615766196138,-7.8553857601730455,True,-0.6862745098039216,0.008151141110143182,True,-1.4935655555279486,True,-1.0034800629628253,-4.586869755350187,True,False,schiller,True,0.96,True,True,1.0,True,True,True,True,False,instabile togliendo un autore,B  solida ma sensibile
treu,Klassizismus,-71.7295469088149,-1.6432488803454306,-7.807945816565745,True,-0.7815126050420168,0.0030853369960074308,True,-1.8575268467114563,True,-0.614543460290003,-3.5391576475998785,True,False,schiller,True,1.0,True,True,1.0,True,True,True,True,False,instabile togliendo un autore,B  solida ma sensibile
krieger,Klassizismus,-54.35191725194763,-6.2999045455048295,-1.7150861047837136,True,-0.5882352941176471,0.004220379705226762,True,-5.245617002719952,True,-2.7690148093258027,-2.7767694565537657,True,True,,False,1.0,True,True,1.0,True,True,False,True,False,non regge con i log-odds; cade senza gli autori minori Klassizismus,B  solida ma sensibile
unglückselig,Klassizismus,-52.35777731183707,-3.6103085035930804,-5.0623665947736125,True,-0.4285714285714286,0.04871748737545012,True,-3.093594798698266,True,,-2.80399092528879,True,False,schiller,True,0.76,False,True,1.0,True,True,True,True,False,instabile togliendo un autore; cade con max 3 opere per autore,B  solida ma sensibile
gemüt,Klassizismus,-50.13667987237035,-2.573586195538132,-5.853176458219714,True,-0.5378151260504201,0.021128543661059263,True,-2.622729777991169,True,-5.134664281642483,-2.6424683648421743,True,False,goethe,True,0.955,True,True,1.0,True,True,True,True,False,instabile togliendo un autore,B  solida ma sensibile
einst,Klassizismus,-50.01835177415748,-2.126246825186188,-6.190462133415494,True,-0.6050420168067228,0.015555040508763385,True,-2.669534708381013,True,-3.4608925139634708,-0.7443479788613881,True,True,,False,1.0,True,True,1.0,True,True,True,True,False,cade senza gli autori minori Klassizismus,B  solida ma sensibile
königin,Klassizismus,-356.5142026717169,-5.146387300584131,-10.292247165884847,True,-0.3669467787114846,0.12833994432064932,False,-4.673895619570038,True,,-8.081767155491251,True,False,schiller,True,0.895,True,True,1.0,True,True,True,False,False,non regge per opera; instabile togliendo un autore,C  fragile
könig,Klassizismus,-230.1538532797764,-1.6544907653530296,-14.005647667426995,True,-0.33333333333333337,0.20936633926606077,False,-1.603968251540403,True,-2.040246368126216,-3.9180695483917796,True,True,,True,0.95,True,True,1.0,True,True,True,False,True,non regge per opera,C  fragile
kaiser,Klassizismus,-102.10340864858492,-1.8266130441935056,-9.155003305125048,True,0.022408963585434094,0.9469933744963991,False,-1.3200760280497745,True,6.216827127677537,-4.615833238338707,False,False,schiller,True,0.285,False,True,0.3333333333333333,False,True,True,False,False,non regge per opera; si inverte in un autore; instabile togliendo un autore; cade con max 3 opere per autore; sensibile ai parametri,C  fragile
götter,Klassizismus,-92.859481799779,-2.5302200414132807,-8.037622395044245,True,-0.35014005602240894,0.16898007859847702,False,-1.8511339936019524,True,-2.3415935855911263,-0.5579348546305066,True,True,,False,1.0,True,True,1.0,True,True,True,False,False,non regge per opera; cade senza gli autori minori Klassizismus,C  fragile
glück,Klassizismus,-88.42569167363624,-1.202235633104028,-8.99837683569328,True,-0.4957983193277311,0.058494128660702124,False,-0.8898107628914211,True,-0.9927436782250642,-0.9801241776507579,True,True,,True,0.975,True,True,1.0,True,True,True,False,True,non regge per opera,C  fragile
feind,Klassizismus,-83.11901547754488,-1.4027644603836034,-8.587578734214755,True,-0.5630252100840336,0.030569029485363785,True,-1.3818893848618279,True,0.7888205133724892,-2.6810453969528703,False,False,schiller,True,0.94,True,True,1.0,True,True,True,False,False,si inverte in un autore; instabile togliendo un autore,C  fragile
reich,Klassizismus,-74.37007385682094,-1.5716726753424142,-8.003549510717862,True,-0.6638655462184874,0.011095215282686963,True,-1.5403293482748763,True,0.05006940531390851,-1.6085210329188366,False,False,schiller,True,0.98,True,True,1.0,True,True,True,False,False,si inverte in un autore; instabile togliendo un autore,C  fragile
vaterland,Klassizismus,-69.19909795577603,-2.016437012517724,-7.380069401933358,True,-0.5350140056022409,0.03787174119159054,True,-2.228314108142928,True,-2.3613568404125562,0.018228258983855754,False,True,,False,1.0,True,True,1.0,True,True,True,False,False,si inverte in un autore; cade senza gli autori minori Klassizismus,C  fragile
land,Klassizismus,-63.063832770123184,-1.187526881321006,-7.602388095214346,True,-0.2773109243697479,0.306791426035351,False,-0.9501691543218743,True,0.319495360493864,-1.8730392018385749,False,False,schiller,True,0.505,False,True,1.0,True,True,True,False,False,non regge per opera; si inverte in un autore; instabile togliendo un autore; cade con max 3 opere per autore,C  fragile
jungfrau,Klassizismus,-61.64844383209905,-4.071562857837195,-5.048191148333867,True,-0.3893557422969187,0.0719447684955973,False,-2.6427720274537005,True,-0.6535375919058667,-5.611345847346394,True,False,schiller,True,0.495,False,True,1.0,True,True,True,False,False,non regge per opera; instabile togliendo un autore; cade con max 3 opere per autore,C  fragile
sieg,Klassizismus,-50.98335614206592,-2.1411201016677177,-6.239353494704522,True,-0.6442577030812324,0.011623258853676526,True,-2.457329766932473,True,0.3839371135127963,-2.5054674347363712,False,True,,False,1.0,True,True,1.0,True,True,True,False,False,si inverte in un autore; cade senza gli autori minori Klassizismus,C  fragile
