,classe,conteggio_SD,conteggio_Klassizismus,f_SD x10k,f_Klassizismus x10k,log2_ratio,G2,z_logodds,opere_SD,opere_Klassizismus,quota_verbo,r_opere,q_opere,regge per opera,log2 pesi uguali,concorda a pesi uguali,concorda in ogni autore,regge log-odds,controlli superati (su 4),verdetto,forme principali
sehen,SD,954,535,73.0592208548082,39.85250847331372,0.8738040800334765,131.39950552416786,11.263093413967402,21,17,0.8673811118553248,0.6974789915966386,0.0072750552702708785,True,1.0913074186604794,True,True,True,4,A  robusta,"sehen (461), sieh (290), sieht (233), sehe (139), gesehen (135)"
sagen,SD,636,312,48.706147236538804,23.24108905359604,1.0662497817317036,122.15010359161539,10.723192713776228,21,17,1.0,0.7983193277310925,0.0024368590558086836,True,1.266283908802078,True,True,True,4,A  robusta,"sagen (700), sage (139), sagst (85), sagten (25)"
lachen,SD,113,14,8.653765153661768,1.0428693806100786,3.008512949543138,90.68457591459776,7.475227985816715,20,8,0.859375,0.8683473389355743,0.0008622106604683053,True,3.1950239700851744,True,True,True,4,A  robusta,"lachen (82), lacht (26), lachte (11), lache (3), gelacht (3)"
kriegen,SD,83,4,6.356305378353334,0.29796268017430816,4.253724748411535,90.36152463267399,6.0189504325674585,18,1,0.9770114942528736,0.8207282913165266,0.0008622106604683053,True,4.113591285710075,True,True,True,4,A  robusta,"kriegen (36), kriegt (26), kriegte (8), gekriegt (8), kriege (5)"
wissen,SD,949,609,72.6763108922568,45.36481805653842,0.6794872369090804,84.5106712773653,9.113238258934155,21,17,0.9903784477228993,0.6918767507002801,0.007853145686609345,True,0.9671563843156863,True,False,True,3,C  fragile,"weiß (889), wissen (444), wißt (78), wußte (49), wüßte (42)"
lassen,SD,1336,952,102.3135419937356,70.91511788148534,0.5286142972421887,75.82429101848146,8.701083864747059,21,17,0.9497816593886463,0.6414565826330532,0.014051322527556023,True,0.6471127741910279,True,True,True,4,B  solida ma sensibile,"laß (756), lassen (605), laßt (391), läßt (253), ließ (166)"
schlafen,SD,126,26,9.649331056295424,1.9367574211330032,2.2950185775109055,74.41906420108606,7.453179735197547,20,10,0.9736842105263158,0.8179271708683473,0.0018434414225786684,True,2.5853357435598423,True,True,True,4,A  robusta,"schlafen (97), schläft (40), geschlafen (12), schlafe (1), schliefen (1)"
geben,SD,534,322,40.89478400049013,23.98599575403181,0.7688362447896692,59.08896725489694,7.572210175281106,21,17,0.8984830805134189,0.73109243697479,0.005426764524707443,True,1.0018767608875945,True,True,True,4,A  robusta,"geben (366), gib (157), gegeben (144), gebt (94), gebe (54)"
laufen,SD,109,27,8.347437183620643,2.01124809117658,2.0333728034563086,55.279420519261066,6.616451529567539,19,9,0.9632352941176471,0.742296918767507,0.004487521035117163,True,2.292795212540982,True,True,True,4,A  robusta,"laufen (47), läuft (30), lief (27), gelaufen (13), lauft (10)"
schreiben,SD,168,61,12.86577474172723,4.5439308726581995,1.4940357332224135,55.00175241761545,6.957587042362451,18,10,0.8864628820960698,0.5154061624649859,0.048655930346336355,True,2.075669850242108,True,True,True,4,B  solida ma sensibile,"schreiben (94), geschrieben (47), schreibt (42), schrieb (24), schreibe (11)"
lesen,SD,119,33,9.113257108723456,2.4581921114380423,1.8747230749027712,54.06826095330245,6.655416776506054,18,10,0.993421052631579,0.6778711484593838,0.008598256589421404,True,2.344332287664345,True,True,True,4,A  robusta,"lesen (76), gelesen (42), las (12), liest (10), lese (8)"
verlieben,SD,44,1,3.36960767045237,0.07449067004357704,4.930716387625036,53.99152175590973,3.8408382204609004,10,1,1.0,0.4453781512605042,0.034462335339713095,True,4.465392959915276,True,True,False,3,B  solida ma sensibile,"verliebt (40), verlieben (5)"
küssen,SD,69,10,5.284157483209398,0.7449067004357705,2.766569107324542,51.15163057704943,5.791921396197228,16,9,0.9873417721518988,0.5182072829131652,0.04476414989769682,True,2.2708061615443293,True,True,True,4,B  solida ma sensibile,"küssen (44), küßte (18), küsse (9), küßt (8)"
trinken,SD,76,14,5.820231430781366,1.0428693806100786,2.4393523049448746,48.69973444634933,5.910276889503647,15,7,0.9340659340659341,0.5070028011204482,0.04558222256444997,True,2.2639216478235125,True,True,True,4,A  robusta,"trinken (50), trinkt (15), getrunken (15), trinke (6), trank (5)"
bekommen,SD,59,7,4.5183375581065865,0.5214346903050393,3.02787262507922,48.3055915626346,5.4064746844734675,16,3,1.0,0.6750700280112045,0.005792527587162775,True,3.529204886845621,True,True,True,4,B  solida ma sensibile,"bekommen (42), bekam (10), bekommt (10), bekäme (2), bekamen (2)"
arbeiten,SD,46,3,3.5227716554729325,0.22347201013073112,3.771749346430222,46.55669509442622,4.646759807749524,16,3,0.9591836734693877,0.658263305322129,0.00702552150961064,True,3.1077771901836924,True,True,False,3,,"arbeitet (16), arbeiten (15), gearbeitet (8), arbeitete (4), arbeiteten (3)"
beten,SD,131,45,10.032241018846829,3.352080151960967,1.5710698064734012,46.29366967682401,6.33901737458164,19,13,0.9887005649717514,0.6470588235294117,0.01307645846153363,True,1.6539627388545675,True,True,True,4,,"bitt (120), beten (34), betet (12), betete (6), gebetet (4)"
bitten,SD,157,62,12.023372824114139,4.6184215427017765,1.3733691911049866,45.28323340366644,6.373860252372149,19,12,0.9863013698630136,0.680672268907563,0.008765218563104457,True,1.6982447065587272,True,True,True,4,,"bitte (79), bitten (72), bat (26), bittet (23), gebeten (19)"
tanzen,SD,31,0,2.374041767818715,0.0,6.017225380879712,43.83939690211631,1.5231798751831,14,0,0.9032258064516129,0.6666666666666667,0.0037794332989156258,True,4.583489032332262,True,True,False,3,,"tanzen (15), tanzte (6), tanzt (5), tanzten (3), getanzt (2)"
essen,SD,45,4,3.446189662962651,0.29796268017430816,3.377815096136179,41.364615691390746,4.701992507186038,14,4,0.62,0.5546218487394958,0.020879310215888902,True,3.3653010920310527,True,True,False,3,,"essen (49), esse (1)"
umbringen,SD,29,0,2.2208777827981527,0.0,5.922588506741636,41.011048714883,1.4732223310628856,11,0,0.896551724137931,0.5238095238095237,0.012315043009926361,True,4.627576350330999,True,True,False,3,,"umbringen (14), umgebracht (13), umzubringen (1), umbringt (1)"
verzeihen,SD,112,38,8.577183161151487,2.830645461655928,1.5869401079019307,40.23152695484542,5.899746233016829,19,12,0.94,0.6974789915966386,0.0071742922533666355,True,1.8325916996136167,True,True,True,4,,"verzeihen (67), verzeih (32), verzeihn (26), verzeiht (14), verzeihe (6)"
weinen,SD,143,58,10.9512249289702,4.3204588625274685,1.3344876644720782,39.49355584047545,5.969413248270893,18,14,0.9850746268656716,0.4145658263305323,0.11605433852714646,False,1.2832573905886788,True,True,True,3,,"weinen (99), weint (32), weinte (26), geweint (24), weine (9)"
machen,SD,110,39,8.424019176130924,2.905136131699505,1.5240672685941234,37.239759319178205,5.707030067174906,20,10,1.0,0.7170868347338935,0.005811819965306159,True,1.7810499008477543,True,True,True,4,,"machst (60), mache (41), mach (29), machten (19)"
stecken,SD,71,17,5.43732146822996,1.2663413907408099,2.070533777213218,37.12444236847408,5.3926796041075145,16,10,0.9772727272727273,0.5826330532212884,0.02275821208280265,True,2.338769836413005,True,True,True,4,,"steckt (40), stecken (25), gesteckt (10), steckte (6), stecke (3)"
nehmen,SD,341,208,26.114459446005867,15.494059369064026,0.751783652225222,36.330937519049286,5.935049955294626,21,17,0.8170289855072463,0.6526610644257702,0.012398683817602249,True,0.9004640495690591,True,True,True,4,,"nehmen (238), nimm (97), nimmt (73), genommen (64), nehme (37)"
sitzen,SD,146,63,11.180970906501045,4.6929122127453535,1.246017625029877,36.22607908272556,5.754299095022046,17,14,0.9952153110047847,0.46778711484593827,0.07391920808969275,False,1.2256783702282008,True,True,True,3,,"sitzen (77), sitzt (62), saß (44), saßen (16), sitze (6)"
ankommen,SD,37,3,2.8335337228804023,0.22347201013073112,3.461409225818072,35.09007819627868,4.242229362623196,10,2,1.0,0.40896358543417377,0.05852549925758155,False,3.364299370667763,True,True,False,2,,"angekommen (16), ankommen (16), ankommt (8)"
erzählen,SD,101,36,7.734781243538395,2.6816641215687733,1.515456815684954,33.94124327590316,5.451697649731748,19,11,0.9708029197080292,0.658263305322129,0.011623258853676526,True,1.836349246658875,True,True,True,4,,"erzählen (83), erzählt (38), erzählte (10), erzähle (5), erzählens (1)"
fressen,SD,46,7,3.5227716554729325,0.5214346903050393,2.672213672879308,33.1904015527032,4.709312927939834,14,5,0.9433962264150944,0.5126050420168067,0.037177620861823496,True,2.688576308123914,True,True,False,3,,"fressen (29), frißt (23), gefressen (1)"
ansehen,SD,67,18,5.130993498188835,1.3408320607843867,1.907307688801676,31.439507714989922,5.050492451996117,16,9,0.6235294117647059,0.4901960784313726,0.05730829132904412,False,1.7893083426163117,True,True,True,3,,"ansehen (30), ansehn (24), angesehen (11), ansieht (10), anzusehen (5)"
sag,SD,104,40,7.964527221069237,2.979626801743082,1.4074545865760528,31.263456060712073,5.27907541509725,17,12,0.8055555555555556,0.41736694677871156,0.11136155220443733,False,1.404643671177796,True,True,True,3,,"sag (143), säge (1)"
gehen,SD,206,112,15.775890457117912,8.342955044880629,0.9161622375822033,30.869280853700502,5.423248834124319,21,17,0.803125,0.7478991596638656,0.004487521035117163,True,1.0529039678205703,True,True,True,4,,"geh (97), gehe (75), gegangen (47), gehn (39), gingen (28)"
springen,SD,54,12,4.135427595555181,0.8938880405229245,2.1642735923819965,30.084586907249147,4.796385371949856,14,9,1.0,0.37815126050420167,0.14105285480484797,False,1.7568198591875723,True,True,False,2,,"springen (28), sprang (15), springt (15), spring (4), sprangen (3)"
ärgern,SD,26,1,1.9911318052673093,0.07449067004357704,4.182903411221838,29.573153578215027,3.2546172375371323,13,1,1.0,0.5686274509803921,0.011982723655659,True,3.920840453987259,True,True,False,3,,"ärgert (11), geärgert (7), ärgern (6), ärgerte (3)"
kommen,SD,237,138,18.149932224936627,10.279712466013631,0.8179869945489167,29.261379229999264,5.30704958731188,20,17,0.992,0.5406162464985995,0.03989139077153321,True,0.9022275429183928,True,True,True,4,,"komme (124), gekommen (95), komm (90), käme (30), kamen (30)"
schmecken,SD,29,2,2.2208777827981527,0.14898134008715408,3.6006604118542738,28.897184760856597,3.70900840613147,13,2,0.96875,0.5630252100840336,0.014383609118605468,True,2.9799966460189364,True,True,False,3,,"schmeckt (17), schmecken (11), geschmeckt (3), schmeckten (1)"
malen,SD,37,5,2.8335337228804023,0.3724533502178852,2.809332529238379,28.456487844520378,4.260431915545996,10,3,0.9761904761904762,0.3165266106442577,0.16027711729127295,False,2.5897290519837393,True,True,False,2,,"malen (16), gemalt (13), malt (10), malte (2), malst (1)"
antworten,SD,36,5,2.7569517303701208,0.3724533502178852,2.7703383976225147,27.29909025012074,4.195607952026282,11,3,1.0,0.4285714285714286,0.05852549925758155,False,2.469277863198283,True,True,False,2,,"antworten (17), antwortet (14), antwortete (5), geantwortet (3), antworte (2)"
anfangen,SD,53,13,4.0588456030449,0.9683787105665016,2.026524941617473,27.120800251602407,4.626295108167873,17,5,1.0,0.6862745098039216,0.006271380024556857,True,2.6148839991984745,True,True,False,3,,"anfangen (33), angefangen (20), anfängt (6), anzufangen (5), anfange (2)"
nahen,Klassizismus,7,113,0.5360739475719679,8.417445714924206,-3.8797124343026015,-110.07775574014097,-7.101830002006047,5,16,0.8333333333333334,-0.8823529411764706,0.0006252937802829059,True,-4.144237062045904,True,True,True,4,A  robusta,"naht (59), nahn (31), nahen (23), nahte (5), nahe (1)"
schweigen,Klassizismus,29,130,2.2208777827981527,9.683787105665015,-2.1053174898282485,-66.6053587353461,-7.1671916529727415,15,16,0.7547169811320755,-0.8151260504201681,0.0018434414225786684,True,-2.0979345322737557,True,True,True,4,A  robusta,"schweigen (103), schweigt (31), schwieg (10), schweige (8), schweigst (5)"
senden,Klassizismus,8,78,0.6126559400822491,5.81027226339901,-3.1672124502614927,-64.0695380650815,-6.06834271498403,5,16,0.9883720930232558,-0.9047619047619048,0.00046821181745811444,True,-3.523659836055937,True,True,True,4,A  robusta,"sendet (38), gesendet (21), senden (14), sende (8), sandte (5)"
folgen,Klassizismus,49,165,3.7525176330037757,12.290960557190212,-1.7013853293478132,-63.21885042418066,-7.288013506295377,19,17,0.9906976744186047,-0.8207282913165266,0.0018434414225786684,True,-1.5225554863286392,True,True,True,4,A  robusta,"folgen (85), folgt (69), folge (28), gefolgt (14), folgte (11)"
ziemen,Klassizismus,5,58,0.38290996255140564,4.3204588625274685,-3.370987643566312,-50.95194330579988,-5.210711437295501,2,17,0.7777777777777778,-0.9159663865546218,0.0003829242590662804,True,-3.5474563414374827,True,True,True,4,A  robusta,"ziemt (58), ziemen (3), ziemte (2)"
lösen,Klassizismus,22,98,1.684803835226185,7.30008566427055,-2.0902532657469064,-49.935502826345086,-6.211353706697257,11,16,1.0,-0.73109243697479,0.004875402137152175,True,-2.0812630664296607,True,True,True,4,,"lösen (65), löst (25), gelöst (14), löse (9), löste (7)"
sprechen,Klassizismus,257,450,19.681572075142252,33.52080151960967,-0.767009216363163,-48.152381690209324,-6.8158722604570805,20,17,0.8967468175388967,-0.5238095238095238,0.04692561894739993,True,-0.8090080258903997,True,True,True,4,,"spricht (167), sprechen (164), sprich (112), sprach (106), gesprochen (89)"
erscheinen,Klassizismus,28,107,2.1442957902878717,7.970501694662744,-1.8753573780449235,-47.152886236509666,-6.18052227321495,12,16,0.9555555555555556,-0.6974789915966386,0.00702552150961064,True,-1.9516206191216199,True,True,True,4,,"erscheinen (58), erscheint (30), erschienen (19), erschien (17), erscheinet (6)"
zeigen,Klassizismus,65,171,4.977829513168274,12.737904577451674,-1.3486963072555673,-46.466431775413284,-6.44339256158676,13,17,1.0,-0.7647058823529411,0.0038809998858601196,True,-1.5396490984073945,True,True,True,4,,"zeigen (81), zeigt (80), zeige (27), zeigte (26), gezeigt (16)"
beschützen,Klassizismus,4,51,0.30632797004112455,3.799024172222429,-3.476630068361111,-46.28530992196842,-4.86228815948437,2,12,0.9636363636363636,-0.6442577030812324,0.00466708147349013,True,-3.3436487139212097,True,True,True,4,,"beschützen (29), beschützt (19), beschütze (4), beschützte (2), beschützten (1)"
ergreifen,Klassizismus,21,91,1.6082218427159038,6.778650973965511,-2.0494896262021496,-45.25089311447993,-5.938752778293822,13,16,0.9732142857142857,-0.8151260504201681,0.0018434414225786684,True,-2.386992771074762,True,True,True,4,,"ergreift (39), ergreifen (30), ergriff (19), ergriffen (19), ergreife (5)"
vereinen,Klassizismus,2,43,0.15316398502056228,3.203098811873813,-4.081069943581571,-44.89283382563439,-4.232276152696382,2,17,1.0,-0.9719887955182073,0.00010386680296276141,True,-4.345970789117927,True,True,False,3,,"vereint (26), vereinen (17), vereinte (1), vereinet (1)"
scheinen,Klassizismus,101,224,7.734781243538395,16.685910089761258,-1.1052902601761758,-44.38772718485184,-6.4114083804654545,20,17,1.0,-0.4453781512605042,0.08864339515640159,False,-1.0444347761111703,True,True,True,3,,"scheint (165), schien (80), scheinen (57), schienen (11), scheinst (5)"
bedürfen,Klassizismus,6,55,0.4594919550616868,4.096986852396737,-3.054030690829219,-44.000083360292415,-5.094511421153338,4,15,0.9836065573770492,-0.8543417366946778,0.0006636501051189532,True,-3.68009275614726,True,True,True,4,,"bedarf (44), bedürfen (12), bedürfe (3), bedürft (1), bedürfte (1)"
retten,Klassizismus,78,187,5.973395415801928,13.929755298148907,-1.2161805791118212,-43.22518434944827,-6.277400675201981,15,17,0.9924528301886792,-0.5350140056022409,0.041660035669565706,True,-1.3670117749323651,True,True,True,4,,"retten (119), rettet (52), gerettet (48), rette (35), rettete (11)"
ehren,Klassizismus,18,82,1.3784758651850604,6.108234943573318,-2.116923391237071,-42.59786668957361,-5.7157661594903955,8,15,1.0,-0.7871148459383753,0.0020265037746882175,True,-2.4666273962997445,True,True,True,4,,"ehren (39), ehrt (27), ehre (17), geehrt (13), ehrte (3)"
vollbringen,Klassizismus,1,37,0.07658199251028114,2.7561547916123503,-4.60391073239493,-42.44107494813551,-3.5886974413614934,1,12,0.8947368421052632,-0.6918767507002801,0.0018434414225786684,True,-4.519998456252936,True,True,False,3,,"vollbracht (21), vollbringen (11), vollbringt (4), vollbringe (1), vollbringens (1)"
verehren,Klassizismus,3,43,0.2297459775308434,3.203098811873813,-3.5956431164113294,-40.49070853135195,-4.427617523228068,2,15,1.0,-0.8207282913165266,0.0006785101153983513,True,-3.35104925668682,True,True,False,3,,"verehren (25), verehrt (15), verehre (6)"
beglücken,Klassizismus,1,35,0.07658199251028114,2.6071734515251963,-4.524839161403731,-39.833102424489866,-3.526693238500594,1,10,1.0,-0.5630252100840336,0.00702552150961064,True,-3.81909662860871,True,True,False,3,,"beglückt (19), beglücken (16), beglücke (1)"
verkünden,Klassizismus,0,29,0.0,2.1602294312637342,-5.842697591982047,-39.405140007662034,-1.4603241082483733,0,11,0.9655172413793104,-0.6470588235294117,0.0021253322821410225,True,-4.646155565848837,True,True,False,3,,"verkünden (20), verkündet (8), verkünde (1)"
verbergen,Klassizismus,24,90,1.837967820246747,6.704160303921934,-1.8451905855882023,-38.89107034588604,-5.6281918575229435,15,16,1.0,-0.7142857142857143,0.006182620551833001,True,-1.7610801390436237,True,True,True,4,,"verbergen (43), verborgen (38), verbirgt (12), verbarg (8), verbergt (5)"
horchen,Klassizismus,1,33,0.07658199251028114,2.4581921114380423,-4.441181232356821,-37.231489209362174,-3.461337984557179,1,12,1.0,-0.6862745098039216,0.0020475136662053456,True,-4.123202689340294,True,True,False,3,,"gehorcht (20), horcht (6), horchen (4), horche (2), horchte (2)"
fordern,Klassizismus,22,84,1.684803835226185,6.257216283660471,-1.8690808825727148,-36.984858490340805,-5.473889492902341,10,11,1.0,-0.4285714285714286,0.08683976779487652,False,-2.1365622850890285,True,True,True,3,,"fordert (52), fordern (36), forderte (10), fordere (3), gefordert (3)"
fügen,Klassizismus,0,27,0.0,2.01124809117658,-5.741414256144864,-36.687544145064656,-1.4090652546323843,0,10,1.0,-0.5882352941176471,0.004220379705226762,True,-4.3204131781048805,True,True,False,3,,"fügen (16), gefügt (5), füge (3), fügt (3)"
vollenden,Klassizismus,8,52,0.6126559400822491,3.8735148422660064,-2.5868372190359885,-34.84994910915891,-4.855790889771387,6,13,0.9333333333333333,-0.669467787114846,0.006215417560834179,True,-2.758259669687437,True,True,True,4,,"vollenden (30), vollendet (29), vollende (1)"
wirken,Klassizismus,11,59,0.8424019176130925,4.3949495325710455,-2.331310349871136,-34.83877347193476,-5.027987874481423,7,12,0.9,-0.48459383753501406,0.049103595692083446,True,-2.192861439008575,True,True,True,4,,"wirken (30), wirkt (20), gewirkt (9), wirke (4), wirkte (3)"
erfüllen,Klassizismus,12,61,0.9189839101233735,4.5439308726581995,-2.2587128581847202,-34.61405554901087,-5.0585770458642365,6,14,1.0,-0.6106442577030813,0.01359124930566485,True,-1.476948213211611,True,True,True,4,,"erfüllt (47), erfüllen (19), erfülle (5), erfüllte (2)"
empfangen,Klassizismus,25,86,1.9145498127570284,6.406197623747626,-1.7222574282854337,-33.786795939779,-5.310521785534654,13,15,0.9279279279279279,-0.6638655462184874,0.010330442172996149,True,-1.6570756282354613,True,True,True,4,,"empfangen (75), empfing (15), empfängt (11), empfangt (4), empfange (3)"
gebieten,Klassizismus,2,34,0.15316398502056228,2.5326827814816197,-3.7466509045110117,-33.579218678687624,-3.87392691734865,1,12,1.0,-0.6638655462184874,0.0030853369960074308,True,-3.448911239350264,True,True,False,3,,"gebietet (19), gebieten (14), geboten (2), gebiete (1)"
erheben,Klassizismus,23,82,1.7613858277364662,6.108234943573318,-1.7717879051883836,-33.55045147067422,-5.265427707831909,15,15,0.9904761904761905,-0.6302521008403361,0.015040910912434629,True,-1.7193747600714513,True,True,True,4,,"erheben (47), erhebt (34), erhebe (9), erhoben (9), erhob (6)"
verbannen,Klassizismus,3,36,0.2297459775308434,2.6816641215687733,-3.342524179442618,-32.006476710339,-4.098583875737162,3,10,1.0,-0.45658263305322133,0.04012256611448067,True,-2.1369014035320486,True,True,False,3,,"verbannt (31), verbannen (5), verbannet (1), verbanne (1), verbannte (1)"
täuschen,Klassizismus,3,36,0.2297459775308434,2.6816641215687733,-3.342524179442618,-32.006476710339,-4.098583875737162,3,13,1.0,-0.7198879551820728,0.002355774180877814,True,-3.269866546861917,True,True,False,3,,"täuschen (15), getäuscht (15), täuschte (4), täusche (2), täuschten (2)"
versöhnen,Klassizismus,8,49,0.6126559400822491,3.650042832135275,-2.5019483214494755,-31.656100731149152,-4.679521140847575,8,13,0.9649122807017544,-0.6022408963585435,0.0151288127034105,True,-2.5017029226954453,True,True,False,3,,"versöhnt (32), versöhnen (24), versöhne (1)"
bereiten,Klassizismus,15,64,1.148729887654217,4.7674028827889305,-2.017085487656584,-31.381459020680957,-4.957173363478858,7,15,0.9620253164556962,-0.6974789915966386,0.005652990972202315,True,-1.0124587125158975,True,True,True,4,,"bereitet (46), bereiten (27), bereite (4), bereitete (2)"
üben,Klassizismus,3,35,0.2297459775308434,2.6071734515251963,-3.3024467400672832,-30.809939773366448,-4.046522992211784,3,14,1.0,-0.7759103641456583,0.0012188727232726,True,-3.4821604853336696,True,True,False,3,,"üben (16), übt (11), geübt (6), übten (2), übte (2)"
beginnen,Klassizismus,9,50,0.6892379325925302,3.724533502178852,-2.3703385119284146,-30.270387961476082,-4.657614542665413,7,15,0.9830508474576272,-0.7142857142857143,0.004698494890653621,True,-2.66260992664922,True,True,False,3,,"beginnt (18), beginnen (12), begonnen (12), begann (10), beginne (4)"
fassen,Klassizismus,102,201,7.811363236048676,14.972624678758985,-0.9352104716427265,-30.26508855099779,-5.348619404465521,18,17,1.0,-0.7030812324929971,0.00702552150961064,True,-1.0430231001247368,True,True,True,4,,"fassen (107), faßt (83), gefaßt (63), fasse (26), faßte (19)"
schützen,Klassizismus,17,66,1.301893872674779,4.916384222876085,-1.8860539611764284,-29.557761808360993,-4.881054731214419,5,15,0.8554216867469879,-0.6974789915966386,0.005023977207225358,True,-2.1129649622592277,True,True,True,4,,"schützen (51), schützt (17), schütze (7), schützte (5), geschützt (3)"
siegen,Klassizismus,13,57,0.9955659026336546,4.2459681924838915,-2.0506570914011117,-28.64293924127032,-4.715418456496604,8,12,1.0,-0.4593837535014006,0.06271398631467608,False,-2.415914878362628,True,False,False,1,,"siegen (25), siegt (18), gesiegt (10), siegst (5), siegte (5)"
bewegen,Klassizismus,15,61,1.148729887654217,4.5439308726581995,-1.94837273757257,-28.595934952157922,-4.7673627490077175,10,15,1.0,-0.546218487394958,0.03375784064255404,True,-1.2681829731481313,True,True,False,3,,"bewegt (42), bewegen (22), bewegte (9), bewege (2), bewegete (1)"
